time_s,x_m,y_m,vx_mps,vy_mps
0.0,0.0,-30.0,0.0,0.0
0.25,-1.3420316637746773e-30,-30.0,-1.0736253238622927e-29,3.036659744969578e-33
0.5,-5.368126547736973e-30,-30.0,-2.1472505618351975e-29,1.2146638736947336e-32
0.75,-1.2078284329801689e-29,-30.0,-3.2208756280293323e-29,2.732993624714037e-32
1.0,-2.1472504473160185e-29,-30.0,-4.2945004365553304e-29,4.858655106089389e-32
1.25,-3.1665867878658993e-29,-30.0,-3.8601902443222144e-29,7.050136737073999e-32
1.5,-4.077345549164067e-29,-30.0,-3.4258798083323885e-29,8.995936263068216e-32
1.75,-4.8795266746144155e-29,-30.0,-2.9915691633304307e-29,1.0696053556010147e-31
2.0,-5.573130116306988e-29,-30.0,-2.557258344060933e-29,1.2150488507492332e-31
2.25,-6.162357346513584e-29,-30.0,-2.156559482731329e-29,1.3308056712072734e-31
2.5,-6.651409851578049e-29,-30.0,-1.7558605482664738e-29,1.4238956229532214e-31
2.75,-7.040287617223525e-29,-30.0,-1.355161572722044e-29,1.4943187027566065e-31
3.0,-7.328990637187079e-29,-30.0,-9.544625881537196e-30,1.5420749092002936e-31
3.25,-7.521528363169159e-29,-30.0,-5.858392271273645e-30,1.5668746786256749e-31
3.5,-7.621910255691722e-29,-30.0,-2.1721592539251874e-30,1.5708220406686905e-31
3.75,-7.63013633326385e-29,-30.0,1.5140728756117234e-30,1.553916999517452e-31
4.0,-7.546206621767035e-29,-30.0,5.200303822440707e-30,1.5161595610282514e-31
4.25,-7.373940871254144e-29,-30.0,8.580955977309721e-30,1.4613334049574601e-31
4.5,-7.11715883609247e-29,-30.0,1.1961606549268372e-29,1.3873834676589226e-31
4.75,-6.775860559235397e-29,-30.0,1.5342255267866623e-29,1.2943097588518444e-31
5.0,-6.350046090397559e-29,-30.0,1.8722901862654588e-29,1.1821122897853212e-31
5.25,-5.843351905512494e-29,-30.0,2.1812632568462582e-29,1.0579729303004371e-31
5.5,-5.259414480988739e-29,-30.0,2.4902360992553803e-29,9.163554857067329e-32
5.75,-4.598233876958916e-29,-30.0,2.7992086887751807e-29,7.57259969610618e-32
6.0,-3.859810159735061e-29,-30.0,3.108181000688036e-29,5.806863970167371e-32
6.25,-3.047598055637505e-29,-30.0,3.3895157884983335e-29,3.9661126415406125e-32
6.5,-2.165052288220712e-29,-30.0,3.670850303490827e-29,1.9662149903024762e-32
6.75,-1.2121729285024584e-29,-30.0,3.952184523158922e-29,-1.928288228527507e-33
7.0,-1.8896005312716542e-30,-30.0,4.233518424996049e-29,-2.511018624499184e-32
7.25,9.013077208546328e-30,-30.0,4.488623719270129e-29,-4.8660085776121965e-32
7.5,2.0553517818634506e-29,-30.0,4.743728717810825e-29,-7.365307259592199e-32
7.75,3.2731720534149095e-29,-30.0,4.998833400209888e-29,-1.000891449737544e-31
8.0,4.554768453922573e-29,-30.0,5.253937746059094e-29,-1.2796830106353575e-31
8.25,5.897034000665296e-29,-30.0,5.484186579406485e-29,-1.5588891452002778e-31
8.5,7.296861718620228e-29,-30.0,5.71443511268681e-29,-1.8511200639689866e-31
8.75,8.754251530468134e-29,-30.0,5.944683327480324e-29,-2.156375749446203e-31
9.0,1.0269203354284844e-28,-30.0,6.174931205367305e-29,-2.474656183094672e-31
9.25,1.1838777185302858e-28,-30.0,6.381659396047208e-29,-2.790585131958379e-31
9.5,1.346003302825455e-28,-30.0,6.58838729808036e-29,-3.118208341800744e-31
9.75,1.5132970808910966e-28,-30.0,6.795114894928651e-29,-3.457525795825734e-31
10.0,1.685759044890863e-28,-30.0,7.001842170053999e-29,-3.808537476301785e-31
10.25,1.863111540022602e-28,-30.0,7.186357397714055e-29,-4.154879231121228e-31
10.5,2.0450769125765093e-28,-30.0,7.370872361367324e-29,-4.511658697325946e-31
10.75,2.2316551557679024e-28,-30.0,7.555387046252717e-29,-4.878875859564008e-31
11.0,2.4228462624430705e-28,-30.0,7.739901437609169e-29,-5.256530701648477e-31
11.25,2.6183883044638033e-28,-30.0,7.903461887073326e-29,-5.627594567099808e-31
11.5,2.818019354893411e-28,-30.0,8.067022108138375e-29,-6.007910768071412e-31
11.75,3.021739407858357e-28,-30.0,8.230582087719597e-29,-6.39747929127304e-31
12.0,3.2295484571579865e-28,-30.0,8.39414181273229e-29,-6.796300122674266e-31
12.25,3.441199806429195e-28,-30.0,8.537966099277357e-29,-7.1869709781687945e-31
12.5,3.6564467605895635e-28,-30.0,8.681790201947486e-29,-7.585777728605636e-31
12.75,3.8752893148983963e-28,-30.0,8.825614109236834e-29,-7.99272036325786e-31
13.0,4.097727464327351e-28,-30.0,8.969437809639575e-29,-8.407798870747667e-31
13.25,4.323529123877669e-28,-30.0,9.094694933185335e-29,-8.813482208533226e-31
13.5,4.552462209884839e-28,-30.0,9.2199519245177e-29,-9.226251129261824e-31
13.75,4.784526718918271e-28,-30.0,9.345208773616183e-29,-9.646105625170944e-31
14.0,5.019722647296862e-28,-30.0,9.47046547046031e-29,-1.0073045687931234e-30
14.25,5.257832392148125e-28,-30.0,9.578314105858273e-29,-1.0489627101850392e-30
14.5,5.498638351964702e-28,-30.0,9.686162666247316e-29,-1.0912309331174995e-30
14.75,5.742140524763519e-28,-30.0,9.794011142999618e-29,-1.1341092371417878e-30
15.0,5.988338908345811e-28,-30.0,9.901859527487367e-29,-1.1775976217603823e-30
15.25,6.237029491955576e-28,-30.0,9.993387159625111e-29,-1.2199786482109454e-30
15.5,6.488008266213124e-28,-30.0,1.0084914778089665e-28,-1.2628774311807098e-30
15.75,6.741275230685099e-28,-30.0,1.0176442375558875e-28,-1.3062939705716185e-30
16.0,6.99683038475509e-28,-30.0,1.0267969944710586e-28,-1.3502282662441939e-30
16.25,7.254483058046848e-28,-30.0,1.03442439275644e-28,-1.3930055775277663e-30
16.5,7.514042581554604e-28,-30.0,1.0420517960973415e-28,-1.4362143581609008e-30
16.75,7.775508956465964e-28,-30.0,1.0496792038835756e-28,-1.4798546084123212e-30
17.0,8.038882183815988e-28,-30.0,1.057306615504954e-28,-1.523926328516234e-30
17.25,8.303984297239425e-28,-30.0,1.0635102938669766e-28,-1.5668106484083322e-30
17.5,8.570637331721025e-28,-30.0,1.0697139838875473e-28,-1.6100459003739483e-30
17.75,8.838841290113388e-28,-30.0,1.0759176850703748e-28,-1.65363208505855e-30
18.0,9.108596175145042e-28,-30.0,1.0821213969191664e-28,-1.6975692030795295e-30
18.25,9.379736224866176e-28,-30.0,1.086999003940475e-28,-1.740304957819115e-30
18.5,9.652095678644312e-28,-30.0,1.0918766293101581e-28,-1.7833166311761746e-30
18.75,9.92567454101777e-28,-30.0,1.0967542726380088e-28,-1.8266042241776088e-30
19.0,1.0200472816427316e-27,-30.0,1.1016319335338183e-28,-1.8701677378282442e-30
19.25,1.0476336449248225e-27,-30.0,1.1052771332310078e-28,-1.9125309707087397e-30
19.5,1.0753111385129455e-27,-30.0,1.1089223579677678e-28,-1.9551004071679907e-30
19.75,1.1030797630294442e-27,-30.0,1.1125676074524828e-28,-1.9978760486141964e-30
20.0,1.1309395190893727e-27,-30.0,1.116212881393535e-28,-2.0408578964390588e-30
20.25,1.1588761225164805e-27,-30.0,1.118715398068881e-28,-2.082652766046948e-30
20.5,1.1868752892566727e-27,-30.0,1.1212179464069215e-28,-2.1245891997471633e-30
20.75,1.2149370200990141e-27,-30.0,1.1237205262074535e-28,-2.1666671993251483e-30
21.0,1.2430613158275644e-27,-30.0,1.1262231372702728e-28,-2.2088867665550207e-30
21.25,1.271234977633772e-27,-30.0,1.1276698135954298e-28,-2.249943387764471e-30
21.5,1.2994448068253098e-27,-30.0,1.129116528077406e-28,-2.291081846121343e-30
21.75,1.3276908043546515e-27,-30.0,1.1305632806004652e-28,-2.3323021437808317e-30
22.0,1.3559729711713777e-27,-30.0,1.1320100710488677e-28,-2.373604282891583e-30
22.25,1.3842791203030512e-27,-30.0,1.1324818668998753e-28,-2.4137765427776804e-30
22.5,1.412597064886958e-27,-30.0,1.1329537072212504e-28,-2.45397549262642e-30
22.75,1.4409268060343856e-27,-30.0,1.133425591975246e-28,-2.4942011349523486e-30
23.0,1.4692683448556776e-27,-30.0,1.1338975211241115e-28,-2.534453472267878e-30
23.25,1.497610484891746e-27,-30.0,1.1334736901852123e-28,-2.5736166076596272e-30
23.5,1.5259420297862731e-27,-30.0,1.1330499098064646e-28,-2.6127557690717164e-30
23.75,1.5542629808036866e-27,-30.0,1.13262618002177e-28,-2.651870959365208e-30
24.0,1.5825733392092614e-27,-30.0,1.1322025008650272e-28,-2.690962181403082e-30
24.25,1.610862827403764e-27,-30.0,1.1309565640852558e-28,-2.7290111363606123e-30
24.5,1.6391211678834438e-27,-30.0,1.1297106836957987e-28,-2.7669896123463683e-30
24.75,1.6673483620593042e-27,-30.0,1.1284648597963256e-28,-2.804897612553076e-30
25.0,1.695544411344841e-27,-30.0,1.1272190924865013e-28,-2.8427351401790976e-30
25.25,1.7236999373473602e-27,-30.0,1.125222998023722e-28,-2.8795824315151524e-30
25.5,1.751805561762126e-27,-30.0,1.1232269654928461e-28,-2.916316808866514e-30
25.75,1.7798612861394325e-27,-30.0,1.121230995053555e-28,-2.9529382757410842e-30
26.0,1.8078671120335644e-27,-30.0,1.1192350868655252e-28,-2.9894468356557962e-30
26.25,1.8358145028542748e-27,-30.0,1.116556189967057e-28,-3.0250212465883654e-30
26.5,1.8636949220915975e-27,-30.0,1.1138773602301936e-28,-3.060444118688565e-30
26.75,1.8915083714272505e-27,-30.0,1.1111985978692393e-28,-3.095715455761676e-30
27.0,1.919254852548311e-27,-30.0,1.1085199030984941e-28,-3.130835261625103e-30
27.25,1.946926627756128e-27,-30.0,1.1052221255151647e-28,-3.16508009959128e-30
27.5,1.974515959424583e-27,-30.0,1.1019244199934773e-28,-3.1991383898149766e-30
27.75,2.0020228493585144e-27,-30.0,1.0986267867972462e-28,-3.233010136380061e-30
28.0,2.0294472993693563e-27,-30.0,1.09532922619028e-28,-3.266695343385326e-30
28.25,2.0567823284768463e-27,-30.0,1.0914731151530262e-28,-3.299567005187922e-30
28.5,2.0840209557655006e-27,-30.0,1.0876170807348373e-28,-3.332220535384162e-30
28.75,2.1111631831546518e-27,-30.0,1.0837611232441938e-28,-3.3646559383169834e-30
29.0,2.1382090125713443e-27,-30.0,1.07990524298957e-28,-3.3968732183467744e-30
29.25,2.165152191421554e-27,-30.0,1.0755490784690037e-28,-3.428339912970952e-30
29.5,2.191986467168336e-27,-30.0,1.0711929947734348e-28,-3.4595601889157445e-30
29.75,2.2187118418366714e-27,-30.0,1.0668369922513478e-28,-3.490534050763143e-30
30.0,2.2453283174602535e-27,-30.0,1.06248107125122e-28,-3.521261503114853e-30
30.25,2.271830304527842e-27,-30.0,1.0576779082361856e-28,-3.551302172847963e-30
30.5,2.2982122135776817e-27,-30.0,1.052874829895404e-28,-3.581071138050849e-30
30.75,2.324474046731433e-27,-30.0,1.048071836613118e-28,-3.61056840352426e-30
31.0,2.3506158061203607e-27,-30.0,1.0432689287735652e-28,-3.639793974090681e-30
31.25,2.37663254050989e-27,-30.0,1.0380698370483185e-28,-3.668396818293431e-30
31.5,2.402519298707487e-27,-30.0,1.0328708334883097e-28,-3.69670556103755e-30
31.75,2.428276082922482e-27,-30.0,1.0276719185094556e-28,-3.7247202073221625e-30
32.0,2.453902895374602e-27,-30.0,1.0224730925276667e-28,-3.752440762169921e-30
32.25,2.4793953976551775e-27,-30.0,1.0169271050978608e-28,-3.7796024629966796e-30
32.5,2.5047492513903188e-27,-30.0,1.0113812089668851e-28,-3.8064504391416866e-30
32.75,2.5299644588680428e-27,-30.0,1.0058354045784083e-28,-3.832984695782114e-30
33.0,2.5550410223874577e-27,-30.0,1.0002896923760911e-28,-3.8592052381202295e-30
33.25,2.5799751553780495e-27,-30.0,9.944409625119803e-29,-3.8849301142972135e-30
33.5,2.6047630712970447e-27,-30.0,9.885923267263812e-29,-3.910324140236212e-30
33.75,2.629404772502255e-27,-30.0,9.827437854871814e-29,-3.9353873212723244e-30
34.0,2.6539002613631894e-27,-30.0,9.768953392622608e-29,-3.960119662767115e-30
34.25,2.678246293566505e-27,-30.0,9.707872530474913e-29,-3.984418249200895e-30
34.5,2.702439624819826e-27,-30.0,9.646792633441654e-29,-4.008371314109079e-30
34.75,2.7264802575420468e-27,-30.0,9.585713706409188e-29,-4.031978862964978e-30
35.0,2.7503681941642775e-27,-30.0,9.52463575426379e-29,-4.055240901269546e-30
35.25,2.7741006859892413e-27,-30.0,9.461357869621543e-29,-4.078130287064724e-30
35.5,2.7976749843340686e-27,-30.0,9.398080970998303e-29,-4.100661723203411e-30
35.75,2.8210910916701344e-27,-30.0,9.334805063456184e-29,-4.1228352152776715e-30
36.0,2.8443490104814695e-27,-30.0,9.271530152057222e-29,-4.144650768908203e-30
36.25,2.867446443355026e-27,-30.0,9.206416313621615e-29,-4.1661528201439286e-30
36.5,2.8903810928859164e-27,-30.0,9.141303478792447e-29,-4.187286536088342e-30
36.75,2.913152961589668e-27,-30.0,9.076191652778709e-29,-4.208051922433412e-30
37.0,2.9357620519948306e-27,-30.0,9.011080840789308e-29,-4.228448984900571e-30
37.25,2.9582065123409645e-27,-30.0,8.944487605334987e-29,-4.248590096169854e-30
37.5,2.9804844908698114e-27,-30.0,8.877895387847488e-29,-4.268354503486114e-30
37.75,3.0025959901329475e-27,-30.0,8.81130419365415e-29,-4.287742212622888e-30
38.0,3.024541012695267e-27,-30.0,8.744714028082229e-29,-4.306753229383849e-30
38.25,3.046318109270869e-27,-30.0,8.676963403487698e-29,-4.3255632821608065e-30
38.5,3.0679258305704085e-27,-30.0,8.609213808135599e-29,-4.3439900838591976e-30
38.75,3.089364179173766e-27,-30.0,8.541465247445858e-29,-4.3620336403166054e-30
39.0,3.110633157674373e-27,-30.0,8.47371772683832e-29,-4.379693957401271e-30
39.25,3.1317316909640866e-27,-30.0,8.405109077398412e-29,-4.3972063496783505e-30
39.5,3.1526587039259838e-27,-30.0,8.336501465500156e-29,-4.414330637196815e-30
39.75,3.1734141991607795e-27,-30.0,8.267894896632118e-29,-4.4310668258413884e-30
40.0,3.1939981792829102e-27,-30.0,8.199289376282784e-29,-4.447414921527842e-30
40.25,3.214409903670765e-27,-30.0,8.13009030737214e-29,-4.463665784416855e-30
40.5,3.234648631688934e-27,-30.0,8.06089228145621e-29,-4.47952520265815e-30
40.75,3.254714365951822e-27,-30.0,7.991695304070797e-29,-4.4949931821674315e-30
41.0,3.2746071090876766e-27,-30.0,7.922499380751617e-29,-4.510069728891719e-30
41.25,3.294326454273507e-27,-30.0,7.852976941738577e-29,-4.525097311575958e-30
41.5,3.3138719946678194e-27,-30.0,7.783455548464199e-29,-4.539731620369474e-30
41.75,3.333243732891913e-27,-30.0,7.713935206490153e-29,-4.553972661203568e-30
42.0,3.3524416715809895e-27,-30.0,7.644415921378023e-29,-4.567820440041e-30
42.25,3.371465699438675e-27,-30.0,7.574806538625375e-29,-4.581665050193591e-30
42.5,3.3903157051457084e-27,-30.0,7.50519820178368e-29,-4.595115894629705e-30
42.75,3.408991691323826e-27,-30.0,7.435590916421567e-29,-4.608172979281635e-30
43.0,3.4274936606086885e-27,-30.0,7.365984688107575e-29,-4.620836310113179e-30
43.25,3.445821773415062e-27,-30.0,7.296505730469545e-29,-4.633539744242929e-30
43.5,3.463976190130748e-27,-30.0,7.227027816484328e-29,-4.645850150442947e-30
43.75,3.481956913371827e-27,-30.0,7.157550951710115e-29,-4.657767534632725e-30
44.0,3.499763945768274e-27,-30.0,7.088075141705016e-29,-4.669291902763194e-30
44.25,3.5173976967215685e-27,-30.0,7.018925793653525e-29,-4.680897075638307e-30
44.5,3.5348585756024666e-27,-30.0,6.949777484710226e-29,-4.6921110851173216e-30
44.75,3.552146585015654e-27,-30.0,6.880630220406944e-29,-4.702933937093945e-30
45.0,3.5692617275796455e-27,-30.0,6.81148400627542e-29,-4.713365637493179e-30
45.25,3.586204652294752e-27,-30.0,6.742855937421587e-29,-4.723916304468518e-30
45.5,3.602976008127104e-27,-30.0,6.67422890098791e-29,-4.734078756818369e-30
45.75,3.6195757976646166e-27,-30.0,6.605602902464511e-29,-4.743853000398488e-30
46.0,3.636004023508927e-27,-30.0,6.53697794734143e-29,-4.7532390410956895e-30
46.25,3.652261528309419e-27,-30.0,6.469026063219869e-29,-4.7627796410389975e-30
46.5,3.668349154678137e-27,-30.0,6.401075202829401e-29,-4.7719358513965554e-30
46.75,3.684266905181206e-27,-30.0,6.333125371606055e-29,-4.7807076779748145e-30
47.0,3.700014782398337e-27,-30.0,6.265176574985777e-29,-4.7890951266109765e-30
47.25,3.715593816534555e-27,-30.0,6.198050902405283e-29,-4.797670167426151e-30
47.5,3.731005037754685e-27,-30.0,6.130926243010204e-29,-4.80586549236671e-30
47.75,3.746248448598402e-27,-30.0,6.063802602170472e-29,-4.8136811071792634e-30
48.0,3.761324051618809e-27,-30.0,5.996679985255939e-29,-4.821117017640798e-30
48.25,3.7762330459416205e-27,-30.0,5.93051563937265e-29,-4.828771067558945e-30
48.5,3.790976630649774e-27,-30.0,5.864352294411898e-29,-4.836050839632672e-30
48.75,3.805554808252193e-27,-30.0,5.798189955666711e-29,-4.842956339539e-30
49.0,3.8199675812710314e-27,-30.0,5.732028628430037e-29,-4.8494875729848946e-30
49.25,3.8342163003915175e-27,-30.0,5.666946832038177e-29,-4.856265030796427e-30
49.5,3.8483023162537904e-27,-30.0,5.601866022726956e-29,-4.862674334526407e-30
49.75,3.862225631332059e-27,-30.0,5.536786205702801e-29,-4.86871548977331e-30
50.0,3.87598624811355e-27,-30.0,5.471707386172057e-29,-4.8743885021650645e-30
50.25,3.889585664605387e-27,-30.0,5.407825968836378e-29,-4.880333469458294e-30
50.5,3.9030253787675604e-27,-30.0,5.343945523293335e-29,-4.885917072970954e-30
50.75,3.916305393035941e-27,-30.0,5.280066054653325e-29,-4.891139318214768e-30
51.0,3.929425709859172e-27,-30.0,5.21618756802667e-29,-4.896000210730367e-30
51.25,3.94238793367059e-27,-30.0,5.153591639887825e-29,-4.901156456950727e-30
51.5,3.955193668854601e-27,-30.0,5.090996666936789e-29,-4.905958611141654e-30
51.75,3.967842917805436e-27,-30.0,5.028402654181124e-29,-4.9104066787206505e-30
52.0,3.9803356829298424e-27,-30.0,4.9658096066283116e-29,-4.9145006651335455e-30
52.25,3.9926736735365406e-27,-30.0,4.904583034554972e-29,-4.9189111028598224e-30
52.5,4.004858598883781e-27,-30.0,4.843357399877869e-29,-4.9229751947253435e-30
52.75,4.016890461321176e-27,-30.0,4.782132707495016e-29,-4.9266929460466575e-30
53.0,4.028769263210583e-27,-30.0,4.7209089623043514e-29,-4.930064362168019e-30
53.25,4.0404968052084575e-27,-30.0,4.661124788686825e-29,-4.933771155536912e-30
53.5,4.0520748879194674e-27,-30.0,4.601341533609195e-29,-4.937139762399341e-30
53.75,4.06350351364594e-27,-30.0,4.541559201854087e-29,-4.94017018796486e-30
54.0,4.0747826847021596e-27,-30.0,4.4817777982040515e-29,-4.942862437470079e-30
54.25,4.085914279973492e-27,-30.0,4.423498568262688e-29,-4.9459068969103726e-30
54.5,4.096900178292421e-27,-30.0,4.365220237057689e-29,-4.9486216830037e-30
54.75,4.107740381911614e-27,-30.0,4.3069428092512856e-29,-4.95100680084725e-30
55.0,4.118434893095396e-27,-30.0,4.248666289505639e-29,-4.953062255564585e-30
55.25,4.128985656981289e-27,-30.0,4.1919449651805844e-29,-4.9554847185649116e-30
55.5,4.1393946186530496e-27,-30.0,4.135224518955481e-29,-4.957586320972282e-30
55.75,4.1496617803115986e-27,-30.0,4.0785049553679303e-29,-4.959367067766795e-30
56.0,4.159787144169202e-27,-30.0,4.0217862789554643e-29,-4.960826963954219e-30
56.25,4.1697727226193345e-27,-30.0,3.9666766235723394e-29,-4.962666777447433e-30
56.5,4.179620528001013e-27,-30.0,3.9115678249268114e-29,-4.964194847229817e-30
56.75,4.189330562461591e-27,-30.0,3.856459887427552e-29,-4.965411178160262e-30
57.0,4.1989028281594476e-27,-30.0,3.8013528154831624e-29,-4.9663157751225996e-30
57.25,4.208339368582829e-27,-30.0,3.7478796619902885e-29,-4.9676113235097414e-30
57.5,4.217642227165027e-27,-30.0,3.6944073432504624e-29,-4.96860438554227e-30
57.75,4.226811405998274e-27,-30.0,3.6409358635414376e-29,-4.969294965954343e-30
58.0,4.235846907185493e-27,-30.0,3.5874652271409007e-29,-4.969683069504318e-30
58.25,4.244750808973096e-27,-30.0,3.535656337969816e-29,-4.970471380630787e-30
58.5,4.2535251895522164e-27,-30.0,3.4838482610458455e-29,-4.970966619804833e-30
58.75,4.262170050958653e-27,-30.0,3.432041000513604e-29,-4.971168791632922e-30
59.0,4.270685395238566e-27,-30.0,3.3802345605176425e-29,-4.9710779007449706e-30
59.25,4.2790733260849025e-27,-30.0,3.330110247768917e-29,-4.971394813553575e-30
59.5,4.287335947135173e-27,-30.0,3.2799867243332977e-29,-4.9714281837129e-30
59.75,4.295473260367672e-27,-30.0,3.2298639942206365e-29,-4.971178015699299e-30
60.0,4.3034852677707205e-27,-30.0,3.1797420614407216e-29,-4.970644314011811e-30
60.25,4.311374090137532e-27,-30.0,3.131315959357274e-29,-4.9705246760721264e-30
60.5,4.319141848205861e-27,-30.0,3.082890623299894e-29,-4.970131101911948e-30
60.75,4.326788543895614e-27,-30.0,3.03446605714258e-29,-4.969463595875516e-30
61.0,4.334314179136385e-27,-30.0,2.9860422647592684e-29,-4.968522162328983e-30
61.25,4.341720896342399e-27,-30.0,2.9393316234893116e-29,-4.967999065802073e-30
61.5,4.349010837872582e-27,-30.0,2.892621724718032e-29,-4.967211737063989e-30
61.75,4.3561840055878526e-27,-30.0,2.8459125721821946e-29,-4.966160180325491e-30
62.0,4.36324040135847e-27,-30.0,2.799204169618503e-29,-4.964844399818478e-30
62.25,4.370182156474453e-27,-30.0,2.7542000426664417e-29,-4.963950080113904e-30
62.5,4.377011402170798e-27,-30.0,2.709196634508245e-29,-4.962801181598139e-30
62.75,4.3837281402489896e-27,-30.0,2.664193948744158e-29,-4.961397708347463e-30
63.0,4.390332372519514e-27,-30.0,2.61919198897437e-29,-4.9597396644585226e-30
63.25,4.396826237873687e-27,-30.0,2.5759004099063495e-29,-4.958504894988571e-30
63.5,4.403211875148202e-27,-30.0,2.53260952582527e-29,-4.9570252342380015e-30
63.75,4.409489286084856e-27,-30.0,2.489319340194376e-29,-4.955300686148034e-30
64.0,4.415658472434102e-27,-30.0,2.446029856476857e-29,-4.95333125467948e-30
64.25,4.421721549356837e-27,-30.0,2.404431793290992e-29,-4.951785674949788e-30
64.5,4.427680631959845e-27,-30.0,2.362834401250963e-29,-4.950004783809091e-30
64.75,4.433535721925153e-27,-30.0,2.3212376836845374e-29,-4.947988585063361e-30
65.0,4.439286820943103e-27,-30.0,2.2796416439194276e-29,-4.9457370825373954e-30
65.25,4.4449360282670736e-27,-30.0,2.2397243228806113e-29,-4.943908817149997e-30
65.5,4.450485443096955e-27,-30.0,2.1998076491802722e-29,-4.941854747962413e-30
65.75,4.4559350670550855e-27,-30.0,2.1598916260117207e-29,-4.9395748786455605e-30
66.0,4.4612849017717846e-27,-30.0,2.1199762565682147e-29,-4.937069212888421e-30
66.25,4.466537025360899e-27,-30.0,2.0817227184058528e-29,-4.934985112500322e-30
66.5,4.471693515883501e-27,-30.0,2.0434698038678208e-29,-4.932684619987352e-30
66.75,4.476754374902475e-27,-30.0,2.0052175160143295e-29,-4.9301677388859056e-30
67.0,4.481719603988359e-27,-30.0,1.9669658579055396e-29,-4.9274344727496886e-30
67.25,4.486591255675756e-27,-30.0,1.930355591776559e-29,-4.925120120790037e-30
67.5,4.491371382447293e-27,-30.0,1.8937459257060946e-29,-4.9225986723548304e-30
67.75,4.496059985806777e-27,-30.0,1.857136862622898e-29,-4.9198701308467816e-30
68.0,4.500657067265338e-27,-30.0,1.8205284054556722e-29,-4.916934499685174e-30
68.25,4.505164661966367e-27,-30.0,1.7855474512498325e-29,-4.914414232883846e-30
68.5,4.509584805002164e-27,-30.0,1.7505670737363848e-29,-4.911696086286825e-30
68.75,4.5139174978179584e-27,-30.0,1.7155872757137388e-29,-4.908780063164279e-30
69.0,4.5181627418659744e-27,-30.0,1.6806080599802578e-29,-4.905666166802205e-30
69.25,4.522322525560819e-27,-30.0,1.6472189879346584e-29,-4.9029632435701495e-30
69.5,4.5263988372669574e-27,-30.0,1.6138304694607377e-29,-4.900071445489029e-30
69.75,4.530391678371658e-27,-30.0,1.5804425072295573e-29,-4.8969907756978604e-30
70.0,4.534301050268867e-27,-30.0,1.5470551039121344e-29,-4.8937212373507724e-30
70.25,4.538128904862867e-27,-30.0,1.5152286595327246e-29,-4.890857487055298e-30
70.5,4.5418771940088166e-27,-30.0,1.4834027458952505e-29,-4.887813701370413e-30
70.75,4.545545919036751e-27,-30.0,1.4515773655457664e-29,-4.884589883305639e-30
71.0,4.549135081283074e-27,-30.0,1.4197525210302836e-29,-4.881186035884896e-30
71.25,4.5526466052461874e-27,-30.0,1.389466733965081e-29,-4.878182131442688e-30
71.5,4.556082415376434e-27,-30.0,1.3591814551409595e-29,-4.8750069067890346e-30
71.75,4.5594425129474444e-27,-30.0,1.328896686980724e-29,-4.871660364805825e-30
72.0,4.5627268992389085e-27,-30.0,1.2986124319071373e-29,-4.868142508388652e-30
72.25,4.5659374434495204e-27,-30.0,1.2698230174077175e-29,-4.8650180915362996e-30
72.5,4.569076014731035e-27,-30.0,1.2410340890128692e-29,-4.8617308191400586e-30
72.75,4.572142614301592e-27,-30.0,1.2122456490256894e-29,-4.8582806939562574e-30
73.0,4.575137243385089e-27,-30.0,1.1834576997492362e-29,-4.854667718754249e-30
73.25,4.5780617270709925e-27,-30.0,1.156129326185478e-29,-4.8514410935730294e-30
73.5,4.580917890402989e-27,-30.0,1.1288014169879984e-29,-4.8480598776514625e-30
73.75,4.5837057345447276e-27,-30.0,1.1014739743430137e-29,-4.844524073622576e-30
74.0,4.586425260665321e-27,-30.0,1.0741470004367034e-29,-4.8408336841317615e-30
74.25,4.589078247624958e-27,-30.0,1.0482426409429156e-29,-4.837522050622516e-30
74.5,4.591666474239248e-27,-30.0,1.0223387245037335e-29,-4.834063881722865e-30
74.75,4.594189941618417e-27,-30.0,9.964352531914551e-30,-4.830459179944955e-30
75.0,4.596648650877872e-27,-30.0,9.705322290783426e-30,-4.826707947812657e-30
75.25,4.599044333273862e-27,-30.0,9.460137579150989e-30,-4.823327430517617e-30
75.5,4.601378720019278e-27,-30.0,9.21495708946612e-30,-4.819808217512437e-30
75.75,4.60365181217206e-27,-30.0,8.969780841343115e-30,-4.81615031119095e-30
76.0,4.605863610795049e-27,-30.0,8.724608854395927e-30,-4.8123537139580845e-30
76.25,4.608015810183789e-27,-30.0,8.492986923657426e-30,-4.808919425338457e-30
76.5,4.610110104591718e-27,-30.0,8.26136901099958e-30,-4.805354113190095e-30
76.75,4.612146495025673e-27,-30.0,8.029755134951681e-30,-4.8016577797912006e-30
77.0,4.614124982497122e-27,-30.0,7.798145314042704e-30,-4.797830427430458e-30
77.25,4.616047197953085e-27,-30.0,7.579578968722667e-30,-4.794356623604134e-30
77.5,4.617914772299745e-27,-30.0,7.361016442531224e-30,-4.790759181519847e-30
77.75,4.61972770649407e-27,-30.0,7.142457752953242e-30,-4.787038103342958e-30
78.0,4.621486001497398e-27,-30.0,6.923902917473292e-30,-4.783193391248722e-30
78.25,4.6231912373724994e-27,-30.0,6.717984686175993e-30,-4.779693147659598e-30
78.5,4.624844994142594e-27,-30.0,6.512070080159049e-30,-4.7760764205849475e-30
78.75,4.62644727271606e-27,-30.0,6.306159115895504e-30,-4.77234321208019e-30
79.0,4.627998074005396e-27,-30.0,6.100251809858116e-30,-4.768493524210065e-30
79.25,4.6294989266556556e-27,-30.0,5.906569963707146e-30,-4.7649789814828735e-30
79.5,4.630951359273639e-27,-30.0,5.712891554229425e-30,-4.761354877135914e-30
79.75,4.632355372720451e-27,-30.0,5.51921659691911e-30,-4.757621213117636e-30
80.0,4.633710967861071e-27,-30.0,5.325545107270084e-30,-4.753777991385257e-30
80.25,4.635019633540878e-27,-30.0,5.143780872210439e-30,-4.7502604189490465e-30
80.5,4.6362828585682935e-27,-30.0,4.962019890563077e-30,-4.746640026435169e-30
80.75,4.637500643758489e-27,-30.0,4.780262176868769e-30,-4.742916815688137e-30
81.0,4.63867298993027e-27,-30.0,4.598507745668024e-30,-4.73909078856069e-30
81.25,4.639801320669243e-27,-30.0,4.428138677557709e-30,-4.735581002131947e-30
81.5,4.640887059525335e-27,-30.0,4.2577726848792034e-30,-4.731974841631188e-30
81.75,4.641930207269105e-27,-30.0,4.087409781261684e-30,-4.728272308801989e-30
82.0,4.642930764674523e-27,-30.0,3.9170499803340834e-30,-4.7244734053956356e-30
82.25,4.643890103086863e-27,-30.0,3.7576578011772195e-30,-4.720980637744016e-30
82.5,4.64480959381704e-27,-30.0,3.598268525154426e-30,-4.717397705414751e-30
82.75,4.645689237592432e-27,-30.0,3.4388821650167504e-30,-4.713724610053701e-30
83.0,4.6465290351436026e-27,-30.0,3.279498733515006e-30,-4.709961353313939e-30
83.25,4.6473303058349175e-27,-30.0,3.1306672520757158e-30,-4.7064943427512e-30
83.5,4.648094368997674e-27,-30.0,2.981838507033831e-30,-4.7029431414743124e-30
83.75,4.648821225317461e-27,-30.0,2.8330125102955632e-30,-4.699307751034579e-30
84.0,4.6495108754828406e-27,-30.0,2.684189273766903e-30,-4.6955881729900364e-30
84.25,4.650164587126877e-27,-30.0,2.5455043068082356e-30,-4.692154893734406e-30
84.5,4.6507836278508495e-27,-30.0,2.406821915104245e-30,-4.688643163433155e-30
84.75,4.651367998299959e-27,-30.0,2.2681421097494412e-30,-4.6850529835462e-30
85.0,4.6519176991221784e-27,-30.0,2.129464901838126e-30,-4.681384355539733e-30
85.25,4.6524339467298886e-27,-30.0,2.0005163622647804e-30,-4.677992060759006e-30
85.5,4.6529179575049556e-27,-30.0,1.87157024240793e-30,-4.674526822623337e-30
85.75,4.653369732053597e-27,-30.0,1.7426265525831875e-30,-4.6709886425044374e-30
86.0,4.65378927098461e-27,-30.0,1.613685303105972e-30,-4.667377521779852e-30
86.25,4.6541777397972874e-27,-30.0,1.4940655758079941e-30,-4.6640327714516745e-30
86.5,4.654536303961663e-27,-30.0,1.3744481182915266e-30,-4.660620354879746e-30
86.75,4.654864964046379e-27,-30.0,1.2548329401258948e-30,-4.657140273350749e-30
87.0,4.6551637206224695e-27,-30.0,1.135220050880242e-30,-4.653592528156782e-30
87.25,4.655433689010908e-27,-30.0,1.0245274101266492e-30,-4.65030124331557e-30
87.5,4.655675984504652e-27,-30.0,9.138368947933896e-31,-4.646947342093823e-30
87.75,4.655890607636162e-27,-30.0,8.031485137356389e-31,-4.643530825696362e-30
88.0,4.656077558940114e-27,-30.0,6.924622758084016e-31,-4.640051695333014e-30
88.25,4.656237916618419e-27,-30.0,5.9039948103770215e-31,-4.63681919660788e-30
88.5,4.6563727588461845e-27,-30.0,4.8833867286231955e-31,-4.633528963222963e-30
88.75,4.656482086121081e-27,-30.0,3.86279859447058e-31,-4.630180996304357e-30
89.0,4.65656589894282e-27,-30.0,2.8422304895656195e-31,-4.6267752969827744e-30
89.25,4.6566252135382095e-27,-30.0,1.9029402240587753e-31,-4.623606464445804e-30
89.5,4.656661046108461e-27,-30.0,9.636684910962239e-32,-4.620384498348433e-30
89.75,4.656673397117829e-27,-30.0,2.4415365819145917e-33,-4.617109399741143e-30
90.0,4.656662267032442e-27,-30.0,-9.148190766327663e-32,-4.6137811696786654e-30
90.25,4.656628624446524e-27,-30.0,-1.7765849269923547e-31,-4.610680134068361e-30
90.5,4.6565734379298725e-27,-30.0,-2.638333523806818e-31,-4.6075303502884175e-30
90.75,4.656496707914688e-27,-30.0,-3.50006479813678e-31,-4.60433181931679e-30
91.0,4.656398434834894e-27,-30.0,-4.36177868104425e-31,-4.601084542135332e-30
91.25,4.656279540575634e-27,-30.0,-5.149759393679418e-31,-4.598054896884018e-30
91.5,4.656140946998781e-27,-30.0,-5.937724077974179e-31,-4.594980677330658e-30
91.75,4.6559826545058314e-27,-30.0,-6.725672670891826e-31,-4.5918618843837295e-30
92.0,4.655804663499858e-27,-30.0,-7.513605109396938e-31,-4.588698518955279e-30
92.25,4.6556078502240886e-27,-30.0,-8.231454480977707e-31,-4.585743381442919e-30
92.5,4.65539309089961e-27,-30.0,-8.949288996518154e-31,-4.582747636808413e-30
92.75,4.655160385898542e-27,-30.0,-9.667108598591942e-31,-4.5797112858937666e-30
93.0,4.654909735594439e-27,-30.0,-1.0384913229773927e-30,-4.576634329544234e-30
93.25,4.6546419838638325e-27,-30.0,-1.1035222933806934e-30,-4.573756366640923e-30
93.5,4.6543579745622146e-27,-30.0,-1.1685518902069181e-30,-4.570841617190189e-30
93.75,4.654057708033629e-27,-30.0,-1.2335801082537373e-30,-4.5678900819705126e-30
94.0,4.6537411846234205e-27,-30.0,-1.2986069423189325e-30,-4.564901761763317e-30
94.25,4.6534091915371924e-27,-30.0,-1.3573375367933434e-30,-4.562103375094472e-30
94.5,4.6530625159605776e-27,-30.0,-1.4160668646288828e-30,-4.559271765865596e-30
94.75,4.652701158210823e-27,-30.0,-1.4747949211272394e-30,-4.556406934794535e-30
95.0,4.6523251186063506e-27,-30.0,-1.5335217015902037e-30,-4.553508882601792e-30
95.25,4.651935142250698e-27,-30.0,-1.586288949867841e-30,-4.55079184369688e-30
95.5,4.6515319742284776e-27,-30.0,-1.6390550334257366e-30,-4.5480449555686475e-30
95.75,4.651115614831397e-27,-30.0,-1.6918199480426355e-30,-4.545268218877152e-30
96.0,4.650686064352219e-27,-30.0,-1.7445836894973763e-30,-4.5424616342848375e-30
96.25,4.6502440267632334e-27,-30.0,-1.7917168447563657e-30,-4.53982735458555e-30
96.5,4.649790206018817e-27,-30.0,-1.8388489323148907e-30,-4.537166412748005e-30
96.75,4.6493246023863666e-27,-30.0,-1.8859799484024125e-30,-4.534478809377249e-30
97.0,4.648847216134221e-27,-30.0,-1.9331098892484774e-30,-4.531764545080463e-30
97.25,4.6483587114578086e-27,-30.0,-1.9749273597488967e-30,-4.5292140663189845e-30
97.5,4.647859752535636e-27,-30.0,-2.0167438547743423e-30,-4.526639932387422e-30
97.75,4.64735033961199e-27,-30.0,-2.0585593709795196e-30,-4.524042143838531e-30
98.0,4.6468304729319934e-27,-30.0,-2.100373905019212e-30,-4.521420701226961e-30
98.25,4.6463007781617206e-27,-30.0,-2.137184109429165e-30,-4.518954746177825e-30
98.5,4.645761880951274e-27,-30.0,-2.1739934259202837e-30,-4.5164679684607995e-30
98.75,4.645213781523001e-27,-30.0,-2.2108018515478448e-30,-4.513960368578998e-30
99.0,4.644656480099985e-27,-30.0,-2.2476093833671962e-30,-4.511431947037201e-30
99.25,4.6440905650702384e-27,-30.0,-2.2797107206694395e-30,-4.509050942413657e-30
99.5,4.643516624806726e-27,-30.0,-2.311811253067431e-30,-4.5066517788263725e-30
99.75,4.642934659510994e-27,-30.0,-2.3439109779931484e-30,-4.504234456731394e-30
100.0,4.6423446693852334e-27,-30.0,-2.3760098928786317e-30,-4.501798976586223e-30
100.25,4.641747206824462e-27,-30.0,-2.403690472423356e-30,-4.499503052087011e-30
100.5,4.641142824209548e-27,-30.0,-2.43137032565447e-30,-4.497191469350802e-30
100.75,4.640531521722346e-27,-30.0,-2.4590494503576014e-30,-4.494864228789086e-30
101.0,4.639913299545265e-27,-30.0,-2.4867278443184373e-30,-4.492521330814605e-30
101.25,4.63928867533156e-27,-30.0,-2.5102657568102115e-30,-4.490310365232429e-30
101.5,4.6386581667211946e-27,-30.0,-2.533803017288916e-30,-4.4880860848299366e-30
101.75,4.638021773877408e-27,-30.0,-2.5573396238715833e-30,-4.485848489976493e-30
102.0,4.637379496963908e-27,-30.0,-2.5808755746753e-30,-4.483597581042529e-30
102.25,4.6367318201817106e-27,-30.0,-2.60053858605901e-30,-4.481471222047728e-30
102.5,4.636079227719369e-27,-30.0,-2.620201015575482e-30,-4.479333740179735e-30
102.75,4.635421719722544e-27,-30.0,-2.6398628616517326e-30,-4.4771851357681466e-30
103.0,4.6347592963372944e-27,-30.0,-2.6595241227148263e-30,-4.475025409143451e-30
103.25,4.634092409610163e-27,-30.0,-2.675569608490296e-30,-4.472983069945678e-30
103.5,4.63342151157603e-27,-30.0,-2.691614578513235e-30,-4.470931654229946e-30
103.75,4.6327466023639936e-27,-30.0,-2.707659031500055e-30,-4.468871162288372e-30
104.0,4.632067682103474e-27,-30.0,-2.7237029661672096e-30,-4.466801594413797e-30
104.25,4.631385171911324e-27,-30.0,-2.7363784955325575e-30,-4.464842497233048e-30
104.5,4.630699492893503e-27,-30.0,-2.7490535713672077e-30,-4.462876229844908e-30
104.75,4.6300106451635196e-27,-30.0,-2.7617281926571612e-30,-4.460902792506219e-30
105.0,4.629318628835138e-27,-30.0,-2.774402358388456e-30,-4.4589221854743954e-30
105.25,4.628623835378945e-27,-30.0,-2.783945225373312e-30,-4.457045370743733e-30
105.5,4.627926656255374e-27,-30.0,-2.7934876972904306e-30,-4.455163157884032e-30
105.75,4.6272270915632866e-27,-30.0,-2.80302977337642e-30,-4.453275547118993e-30
106.0,4.626525141401736e-27,-30.0,-2.8125714528679195e-30,-4.451382538672746e-30
106.25,4.625821168922784e-27,-30.0,-2.8192083220937232e-30,-4.449586890495704e-30
106.5,4.6251155372690425e-27,-30.0,-2.8258448510943908e-30,-4.447787488048603e-30
106.75,4.624408246525633e-27,-30.0,-2.8324810393390032e-30,-4.4459843315240544e-30
107.0,4.623699296777814e-27,-30.0,-2.83911688629667e-30,-4.4441774211149665e-30
107.25,4.622989023894296e-27,-30.0,-2.843066133725493e-30,-4.442461660934084e-30
107.5,4.622277763735025e-27,-30.0,-2.8470150922763342e-30,-4.44074366681147e-30
107.75,4.621565516372258e-27,-30.0,-2.850963761633279e-30,-4.4390234389106264e-30
108.0,4.620852281878335e-27,-30.0,-2.8549121414804362e-30,-4.4373009773952344e-30
108.25,4.620138370139953e-27,-30.0,-2.8563817254377312e-30,-4.43566370094939e-30
108.5,4.61942409103569e-27,-30.0,-2.8578510685064445e-30,-4.434025593252532e-30
108.75,4.6187094446257834e-27,-30.0,-2.8593201705690295e-30,-4.4323866544409594e-30
109.0,4.617994430970499e-27,-30.0,-2.8607890315079593e-30,-4.430746884651039e-30
109.25,4.617279335173557e-27,-30.0,-2.8599773113328956e-30,-4.429186569818701e-30
109.5,4.616564442331176e-27,-30.0,-2.8591653950330907e-30,-4.427626714218408e-30
109.75,4.615849752492378e-27,-30.0,-2.8583532826734974e-30,-4.426067317961085e-30
110.0,4.6151352657061715e-27,-30.0,-2.857540974319084e-30,-4.424508381157622e-30
110.25,4.6144212434532114e-27,-30.0,-2.854637023604959e-30,-4.4230234019654074e-30
110.5,4.613707947207241e-27,-30.0,-2.8517329184353016e-30,-4.421540065533391e-30
110.75,4.6129953770068464e-27,-30.0,-2.8488286590424385e-30,-4.42005837194888e-30
111.0,4.612283532890553e-27,-30.0,-2.8459242456587088e-30,-4.41857832129905e-30
111.25,4.611572653851727e-27,-30.0,-2.8411080456269336e-30,-4.4171669608784964e-30
111.5,4.610862978877386e-27,-30.0,-2.836291729843563e-30,-4.4157583249347576e-30
111.75,4.610154507996419e-27,-30.0,-2.8314752986938998e-30,-4.414352413533202e-30
112.0,4.609447241237621e-27,-30.0,-2.8266587525632557e-30,-4.412949226738982e-30
112.25,4.608741396232296e-27,-30.0,-2.820101276685286e-30,-4.411609697181385e-30
112.5,4.608037190605936e-27,-30.0,-2.8135437209262564e-30,-4.410273877101176e-30
112.75,4.607334624378446e-27,-30.0,-2.806986085810768e-30,-4.4089417665433955e-30
113.0,4.6066336975696005e-27,-30.0,-2.800428371863427e-30,-4.4076133655527844e-30
113.25,4.605934607560298e-27,-30.0,-2.7922916947172475e-30,-4.406343796144993e-30
113.5,4.605237551726137e-27,-30.0,-2.7841549708437173e-30,-4.405078829533046e-30
113.75,4.604542530078717e-27,-30.0,-2.77601820089377e-30,-4.403818465743191e-30
114.0,4.603849542629476e-27,-30.0,-2.767881385518342e-30,-4.40256270480131e-30
114.25,4.603158767530282e-27,-30.0,-2.758319405284595e-30,-4.401361177300986e-30
114.5,4.602470382928182e-27,-30.0,-2.748757408888427e-30,-4.4001650588580584e-30
114.75,4.601784388827122e-27,-30.0,-2.7391953970947917e-30,-4.398974349481455e-30
115.0,4.601100785230855e-27,-30.0,-2.729633370668645e-30,-4.397789049179668e-30
115.25,4.600419732112892e-27,-30.0,-2.718791574950892e-30,-4.39665359905735e-30
115.5,4.599741389442385e-27,-30.0,-2.7079497911677482e-30,-4.395524281954768e-30
115.75,4.599065757216242e-27,-30.0,-2.6971080201865497e-30,-4.394401097864925e-30
116.0,4.5983928354311534e-27,-30.0,-2.686266262874632e-30,-4.393284046780333e-30
116.25,4.597722766895277e-27,-30.0,-2.674282030336415e-30,-4.392212672994796e-30
116.5,4.5970556944128446e-27,-30.0,-2.662297835480299e-30,-4.3911480784791766e-30
116.75,4.5963916179743156e-27,-30.0,-2.650313679265012e-30,-4.390090263211889e-30
117.0,4.595730537569911e-27,-30.0,-2.6383295626492796e-30,-4.389039227170803e-30
117.25,4.5950725798005375e-27,-30.0,-2.6253326024528373e-30,-4.3880299011077e-30
117.5,4.5944178712635854e-27,-30.0,-2.612335703452117e-30,-4.387027927191019e-30
117.75,4.5937664119436255e-27,-30.0,-2.5993388666868617e-30,-4.38603330538585e-30
118.0,4.59311820182497e-27,-30.0,-2.586342093196812e-30,-4.385046035656692e-30
118.25,4.5924733522555984e-27,-30.0,-2.5724544754520092e-30,-4.3840967091276996e-30
118.5,4.591831974580363e-27,-30.0,-2.5585669402955114e-30,-4.383155238569207e-30
118.75,4.591194068778477e-27,-30.0,-2.5446794888383126e-30,-4.3822216239341814e-30
119.0,4.590559634828878e-27,-30.0,-2.5307921221914008e-30,-4.381295865174962e-30
119.25,4.5899287697274726e-27,-30.0,-2.5161287059533364e-30,-4.380404478183813e-30
119.5,4.5893015704674044e-27,-30.0,-2.501465391685049e-30,-4.379521386013957e-30
119.75,4.588678037023035e-27,-30.0,-2.486802180559595e-30,-4.378646588607381e-30
120.0,4.588058169368432e-27,-30.0,-2.4721390737500226e-30,-4.377780085905407e-30
120.25,4.587442051031717e-27,-30.0,-2.4568076397717124e-30,-4.376944573530285e-30
120.5,4.5868297655385926e-27,-30.0,-2.4414763252404486e-30,-4.376117733858014e-30
120.75,4.5862213128590415e-27,-30.0,-2.4261451313827284e-30,-4.375299566820677e-30
121.0,4.585616692962743e-27,-30.0,-2.4108140594250374e-30,-4.374490072349665e-30
121.25,4.585015976762027e-27,-30.0,-2.3949155687259964e-30,-4.3737083713026e-30
121.5,4.584419235167121e-27,-30.0,-2.379017213150914e-30,-4.372935663728486e-30
121.75,4.583826468144086e-27,-30.0,-2.36311899397165e-30,-4.3721719495505255e-30
122.0,4.583237675658664e-27,-30.0,-2.347220912460052e-30,-4.3714172286912024e-30
122.25,4.582652916826836e-27,-30.0,-2.3308497669061668e-30,-4.370687283333213e-30
122.5,4.5820722507627854e-27,-30.0,-2.314478770453517e-30,-4.369966598817193e-30
122.75,4.581495677429074e-27,-30.0,-2.2981079244117713e-30,-4.369255175058429e-30
123.0,4.580923196787936e-27,-30.0,-2.281737230090589e-30,-4.368553011971466e-30
123.25,4.580354869150459e-27,-30.0,-2.264883896527372e-30,-4.367872807419705e-30
123.5,4.5797907548262155e-27,-30.0,-2.248030724448392e-30,-4.367202136472131e-30
123.75,4.5792308537746654e-27,-30.0,-2.2311777152018933e-30,-4.366540999037013e-30
124.0,4.5786751659549325e-27,-30.0,-2.214324870136106e-30,-4.3658893950218595e-30
124.25,4.578123728171843e-27,-30.0,-2.1971774231953702e-30,-4.3652570873918335e-30
124.5,4.57757657722897e-27,-30.0,-2.1800301486309863e-30,-4.364634479737948e-30
124.75,4.5770337130830485e-27,-30.0,-2.1628830478147257e-30,-4.364021571962305e-30
125.0,4.57649513569047e-27,-30.0,-2.1457361221183463e-30,-4.363418363966231e-30
125.25,4.5759608723903875e-27,-30.0,-2.128370308735193e-30,-4.3628319238868124e-30
125.5,4.575430950520949e-27,-30.0,-2.1110046771962525e-30,-4.362255307307114e-30
125.75,4.574905370036521e-27,-30.0,-2.0936392288907654e-30,-4.3616885141238756e-30
126.0,4.574384130891119e-27,-30.0,-2.0762739652079577e-30,-4.361131544233053e-30
126.25,4.5738672517220556e-27,-30.0,-2.058759418850585e-30,-4.360588972010262e-30
126.5,4.5733547511658635e-27,-30.0,-2.0412450624700484e-30,-4.360056307420654e-30
126.75,4.572846629174874e-27,-30.0,-2.023730897467485e-30,-4.359533550356367e-30
127.0,4.5723428857010665e-27,-30.0,-2.0062169252440184e-30,-4.3590207007087444e-30
127.25,4.571843531153352e-27,-30.0,-1.988619489169501e-30,-4.35852003044365e-30
127.5,4.571348575940078e-27,-30.0,-1.971022249954862e-30,-4.3580293146991224e-30
127.75,4.570858020011854e-27,-30.0,-1.9534252090078694e-30,-4.357548553363405e-30
128.0,4.570371863318936e-27,-30.0,-1.9358283677362765e-30,-4.357077746323943e-30
128.25,4.5698901087770076e-27,-30.0,-1.918208001341615e-30,-4.356617046362974e-30
128.5,4.569412759301385e-27,-30.0,-1.9005878375224034e-30,-4.3561663138922556e-30
128.75,4.568939814841248e-27,-30.0,-1.882967877688244e-30,-4.355725548796796e-30
129.0,4.568471275345424e-27,-30.0,-1.8653481232487238e-30,-4.355294750960806e-30
129.25,4.5680071368376384e-27,-30.0,-1.8477599734591055e-30,-4.354872128279512e-30
129.5,4.5675473953414296e-27,-30.0,-1.8301720308720632e-30,-4.354459454862763e-30
129.75,4.56709205080482e-27,-30.0,-1.8125842968946218e-30,-4.3540567305929514e-30
130.0,4.566641103175482e-27,-30.0,-1.7949967729337893e-30,-4.353663955351672e-30
130.25,4.566194542166128e-27,-30.0,-1.7774913369207098e-30,-4.353277557966126e-30
130.5,4.565752357489455e-27,-30.0,-1.75998611172467e-30,-4.3529010630542995e-30
130.75,4.565314549092582e-27,-30.0,-1.742481098746078e-30,-4.35253447049654e-30
131.0,4.5648811169222816e-27,-30.0,-1.7249762993853238e-30,-4.352177780172405e-30
131.25,4.56445204482504e-27,-30.0,-1.7076005140180763e-30,-4.3518257991181664e-30
131.5,4.564027316647482e-27,-30.0,-1.690224942142196e-30,-4.351483647195681e-30
131.75,4.563606932336063e-27,-30.0,-1.672849585147719e-30,-4.351151324283788e-30
132.0,4.5631908918368876e-27,-30.0,-1.6554744444246626e-30,-4.3508288302605385e-30
132.25,4.562779173874318e-27,-30.0,-1.638269291901267e-30,-4.350509500390153e-30
132.5,4.562371757172995e-27,-30.0,-1.6210643546727985e-30,-4.350199903126856e-30
132.75,4.5619686416789245e-27,-30.0,-1.6038596341156416e-30,-4.349900038348469e-30
133.0,4.561569827337766e-27,-30.0,-1.5866551316061635e-30,-4.3496099059320356e-30
133.25,4.5611752881024846e-27,-30.0,-1.5696587865804598e-30,-4.349321510581763e-30
133.5,4.560784997926451e-27,-30.0,-1.552662657849017e-30,-4.3490427297193754e-30
133.75,4.560398956755422e-27,-30.0,-1.5356667467715155e-30,-4.3487735632221336e-30
134.0,4.560017164534814e-27,-30.0,-1.518671054707618e-30,-4.348514010966531e-30
134.25,4.5596395909443516e-27,-30.0,-1.5019177049761357e-30,-4.348254881075926e-30
134.5,4.559266205664281e-27,-30.0,-1.4851645717972791e-30,-4.3480052282147455e-30
134.75,4.558897008640296e-27,-30.0,-1.4684116565112887e-30,-4.34776505226011e-30
135.0,4.5585319998177565e-27,-30.0,-1.4516589604583878e-30,-4.347534353088382e-30
135.25,4.5581711328157816e-27,-30.0,-1.4352770912528773e-30,-4.347302841055907e-30
135.5,4.55781436125412e-27,-30.0,-1.4188954381698892e-30,-4.3470805959126375e-30
135.75,4.557461685078577e-27,-30.0,-1.4025140025199458e-30,-4.346867617535945e-30
136.0,4.5571131042346314e-27,-30.0,-1.3861327856135525e-30,-4.34666390580246e-30
136.25,4.556768582177219e-27,-30.0,-1.3700437094287556e-30,-4.346458260726419e-30
136.5,4.556428082361997e-27,-30.0,-1.3539548482962453e-30,-4.3462617169117535e-30
136.75,4.5560916047350435e-27,-30.0,-1.3378662035031204e-30,-4.34607427423645e-30
137.0,4.555759149242111e-27,-30.0,-1.3217777763364633e-30,-4.345895932577763e-30
137.25,4.555430676240283e-27,-30.0,-1.3060062737500983e-30,-4.345714662201618e-30
137.5,4.5551061460874504e-27,-30.0,-1.2902349845846991e-30,-4.34554231344122e-30
137.75,4.5547855587301e-27,-30.0,-1.2744639101019594e-30,-4.345378886175483e-30
138.0,4.554468914114403e-27,-30.0,-1.258693051563556e-30,-4.345224380282608e-30
138.25,4.554156169883994e-27,-30.0,-1.2432608268177769e-30,-4.34506604035785e-30
138.5,4.553847283683387e-27,-30.0,-1.227828813351258e-30,-4.3449164301256255e-30
138.75,4.553542255459609e-27,-30.0,-1.2123970123985512e-30,-4.344775549466069e-30
139.0,4.553241085159376e-27,-30.0,-1.1969654251941915e-30,-4.344643398258615e-30
139.25,4.552943728074941e-27,-30.0,-1.1818912849689137e-30,-4.344506593203937e-30
139.5,4.552650139499503e-27,-30.0,-1.1668173534189392e-30,-4.344378315280084e-30
139.75,4.5523603193807416e-27,-30.0,-1.1517436317501736e-30,-4.344258564368672e-30
140.0,4.552074267666038e-27,-30.0,-1.1366701211685058e-30,-4.3441473403506336e-30
140.25,4.551791937620492e-27,-30.0,-1.121970277375747e-30,-4.34403072367791e-30
140.5,4.551513282510212e-27,-30.0,-1.1072706392377006e-30,-4.3439224224036146e-30
140.75,4.5512383022836376e-27,-30.0,-1.092571207930329e-30,-4.343822436411079e-30
141.0,4.550966996888913e-27,-30.0,-1.0778719846295778e-30,-4.343730765582971e-30
141.25,4.550699317854422e-27,-30.0,-1.0635603249149657e-30,-4.343633039869128e-30
141.5,4.5504352167096005e-27,-30.0,-1.0492488674609728e-30,-4.343543409965412e-30
141.75,4.550174693403741e-27,-30.0,-1.0349376134125077e-30,-4.343461875757082e-30
142.0,4.549917747885849e-27,-30.0,-1.0206265639144618e-30,-4.343388437128752e-30
142.25,4.5496643302395346e-27,-30.0,-1.0067146396042048e-30,-4.343308353688016e-30
142.5,4.549414390549504e-27,-30.0,-9.928029138276865e-31,-4.343236139934806e-30
142.75,4.549167928765985e-27,-30.0,-9.78891387697837e-31,-4.343171795756498e-30
143.0,4.548924944838926e-27,-30.0,-9.649800623275697e-31,-4.3431153210398415e-30
143.25,4.5486853876983155e-27,-30.0,-9.514770948923693e-31,-4.3430516798318976e-30
143.5,4.548449206275271e-27,-30.0,-9.3797432196966e-31,-4.342995676972529e-30
143.75,4.548216400521032e-27,-30.0,-9.244717446396552e-31,-4.342947312351397e-30
144.0,4.547986970386563e-27,-30.0,-9.109693639825533e-31,-4.3429065858575536e-30
144.25,4.5477608638769724e-27,-30.0,-8.97882744364304e-31,-4.3428582354351954e-30
144.5,4.547538028998529e-27,-30.0,-8.84796314979124e-31,-4.3428172878416035e-30
144.75,4.5473184657035434e-27,-30.0,-8.717100768739204e-31,-4.342783742968869e-30
145.0,4.5471021739440656e-27,-30.0,-8.586240310955844e-31,-4.342757600708494e-30
145.25,4.5468891010395784e-27,-30.0,-8.459592356721218e-31,-4.342723437434452e-30
145.5,4.546679194310752e-27,-30.0,-8.332946259781212e-31,-4.342696438371536e-30
145.75,4.546472453711028e-27,-30.0,-8.206302030267438e-31,-4.342676603414392e-30
146.0,4.5462688791935935e-27,-30.0,-8.079659678311359e-31,-4.342663932457099e-30
146.25,4.54606841759694e-27,-30.0,-7.957268354898824e-31,-4.342642900013627e-30
146.5,4.545871015760764e-27,-30.0,-7.834878841821905e-31,-4.342628790992098e-30
146.75,4.545676673639682e-27,-30.0,-7.712491148871695e-31,-4.342621605289826e-30
147.0,4.545485391188072e-27,-30.0,-7.590105285839135e-31,-4.342621342803574e-30
147.25,4.5452971149831116e-27,-30.0,-7.471991403800238e-31,-4.34261243140499e-30
147.5,4.5451117916032e-27,-30.0,-7.353879283513702e-31,-4.342610201461994e-30
147.75,4.544929421004176e-27,-30.0,-7.235768934428427e-31,-4.3426146528746604e-30
148.0,4.544750003141641e-27,-30.0,-7.117660365993169e-31,-4.342625785542527e-30
148.25,4.544573484502237e-27,-30.0,-7.0038310708635035e-31,-4.342628031462256e-30
148.5,4.544399811573833e-27,-30.0,-6.890003487558114e-31,-4.342636716467046e-30
148.75,4.544228984313518e-27,-30.0,-6.77617762518314e-31,-4.3426518404598044e-30
149.0,4.544061002678157e-27,-30.0,-6.662353492844584e-31,-4.342673403342924e-30
149.25,4.543895813234648e-27,-30.0,-6.552802263892004e-31,-4.3426858878788055e-30
149.5,4.543733362551122e-27,-30.0,-6.443252695751251e-31,-4.342704569498118e-30
149.75,4.5435736505859486e-27,-30.0,-6.333704797186224e-31,-4.3427294481066656e-30
150.0,4.543416677297278e-27,-30.0,-6.224158576960691e-31,-4.3427605236097536e-30
150.25,4.543262389485725e-27,-30.0,-6.118866614787589e-31,-4.342782372206232e-30
150.5,4.543110733953132e-27,-30.0,-6.013576261571984e-31,-4.342810176947987e-30
150.75,4.542961710659169e-27,-30.0,-5.908287525737042e-31,-4.3428439377437644e-30
151.0,4.5428153195632966e-27,-30.0,-5.803000415705799e-31,-4.342883654501833e-30
151.25,4.5426715078367545e-27,-30.0,-5.701937966411387e-31,-4.342914035754044e-30
151.5,4.542530222652006e-27,-30.0,-5.600877073603434e-31,-4.342950133896522e-30
151.75,4.542391463970036e-27,-30.0,-5.499817745366751e-31,-4.342991948840992e-30
152.0,4.542255231751631e-27,-30.0,-5.398759989786025e-31,-4.343039480498718e-30
152.25,4.5421214736883455e-27,-30.0,-5.3018853230301715e-31,-4.343077605117174e-30
152.5,4.54199013747295e-27,-30.0,-5.205012159881748e-31,-4.3431212097315164e-30
152.75,4.541861223067757e-27,-30.0,-5.10814050809055e-31,-4.343170294256468e-30
153.0,4.5417347304348864e-27,-30.0,-5.011270375406252e-31,-4.3432248586063165e-30
153.25,4.541610607877997e-27,-30.0,-4.9185344169304055e-31,-4.343269978616699e-30
153.5,4.541488803701954e-27,-30.0,-4.825799908968033e-31,-4.34332034450464e-30
153.75,4.5413693178704e-27,-30.0,-4.73306685893784e-31,-4.3433759561878765e-30
154.0,4.541252150346796e-27,-30.0,-4.6403352742584165e-31,-4.343436813583727e-30
154.25,4.541137250163489e-27,-30.0,-4.551679622696425e-31,-4.343488220868308e-30
154.5,4.541024566354018e-27,-30.0,-4.463025368516629e-31,-4.343544643215789e-30
154.75,4.54091409888336e-27,-30.0,-4.374372518811316e-31,-4.343606080546924e-30
155.0,4.540805847716315e-27,-30.0,-4.285721080672663e-31,-4.343672532782062e-30
155.25,4.540699762712431e-27,-30.0,-4.201079453557737e-31,-4.3437295581366414e-30
155.5,4.540595793732434e-27,-30.0,-4.116439170819839e-31,-4.343791371488949e-30
155.75,4.540493940742631e-27,-30.0,-4.03180023923014e-31,-4.3438579727627456e-30
156.0,4.540394203709157e-27,-30.0,-3.9471626655597065e-31,-4.343929361881406e-30
156.25,4.540296533401526e-27,-30.0,-3.8664621596743864e-31,-4.343991373915866e-30
156.5,4.5402008805904105e-27,-30.0,-3.7857629454367823e-31,-4.344057951006888e-30
156.75,4.5401072452434384e-27,-30.0,-3.705065029302784e-31,-4.344129093081223e-30
157.0,4.5400156273280756e-27,-30.0,-3.624368417728177e-31,-4.3442048000652564e-30
157.25,4.539925978577939e-27,-30.0,-3.5475317992516706e-31,-4.3442712039552815e-30
157.5,4.539838250727786e-27,-30.0,-3.4706964201059407e-31,-4.3443419543296784e-30
157.75,4.539752443746556e-27,-30.0,-3.3938622864377725e-31,-4.344417051118166e-30
158.0,4.5396685576030356e-27,-30.0,-3.317029404393851e-31,-4.344496494250116e-30
158.25,4.539586545091214e-27,-30.0,-3.243971738803697e-31,-4.344566730307214e-30
158.5,4.5395063590061996e-27,-30.0,-3.17091526076375e-31,-4.3446410990810814e-30
158.75,4.539427999318231e-27,-30.0,-3.097859976118484e-31,-4.344719600504377e-30
159.0,4.539351465997401e-27,-30.0,-3.0248058907122787e-31,-4.3448022345094266e-30
159.25,4.539276712939396e-27,-30.0,-2.9554389385504174e-31,-4.3448757697958344e-30
159.5,4.5392036940410035e-27,-30.0,-2.886073122764087e-31,-4.3449532290229546e-30
159.75,4.539132409273743e-27,-30.0,-2.8167084489025105e-31,-4.3450346121263455e-30
160.0,4.5390628586089965e-27,-30.0,-2.7473449225148215e-31,-4.3451199190412554e-30
160.25,4.538994997088549e-27,-30.0,-2.6815768939004745e-31,-4.345196269416e-30
160.5,4.538928779755252e-27,-30.0,-2.615809951283919e-31,-4.345276340147775e-30
160.75,4.5388642065818905e-27,-30.0,-2.5500440999264696e-31,-4.3453601311749994e-30
161.0,4.538801277541117e-27,-30.0,-2.4842793450893567e-31,-4.3454476424357926e-30
161.25,4.538739948883218e-27,-30.0,-2.422013459279706e-31,-4.345526347129753e-30
161.5,4.538680176859517e-27,-30.0,-2.3597486099307384e-31,-4.345608574071764e-30
161.75,4.538621961444043e-27,-30.0,-2.2974848020236046e-31,-4.3456943232030556e-30
162.0,4.538565302610697e-27,-30.0,-2.235222040539372e-31,-4.3457835944645725e-30
162.25,4.538510157814463e-27,-30.0,-2.1763618224696866e-31,-4.345864223425956e-30
162.5,4.538456484511342e-27,-30.0,-2.1175025922450874e-31,-4.3459481819838185e-30
162.75,4.538404282676579e-27,-30.0,-2.058644354574278e-31,-4.346035470082147e-30
163.0,4.538353552285303e-27,-30.0,-1.999787114165882e-31,-4.3461260876646605e-30
163.25,4.53830425206111e-27,-30.0,-1.9442309775953768e-31,-4.346208239857188e-30
163.5,4.538256340728588e-27,-30.0,-1.8886757812469855e-31,-4.34629353474116e-30
163.75,4.5382098182641755e-27,-30.0,-1.8331215295650906e-31,-4.346381972263262e-30
164.0,4.538164684644201e-27,-30.0,-1.7775682269939992e-31,-4.346473552369931e-30
164.25,4.538120899880432e-27,-30.0,-1.7252130231447567e-31,-4.346556855135646e-30
164.5,4.538078423985597e-27,-30.0,-1.6728587129501655e-31,-4.346643119522694e-30
164.75,4.5380372569373034e-27,-30.0,-1.6205053005985395e-31,-4.346732345480403e-30
165.0,4.5379973987130516e-27,-30.0,-1.5681527902781202e-31,-4.3468245329578654e-30
165.25,4.53795881060746e-27,-30.0,-1.518895798123629e-31,-4.346908640746122e-30
165.5,4.537921453916078e-27,-30.0,-1.4696396541661919e-31,-4.346995534896326e-30
165.75,4.537885328617652e-27,-30.0,-1.4203843623462714e-31,-4.347085215360385e-30
166.0,4.537850434690828e-27,-30.0,-1.3711299266042613e-31,-4.347177682089982e-30
166.25,4.5378167347423825e-27,-30.0,-1.3248660827594761e-31,-4.3472622750056724e-30
166.5,4.537784191379992e-27,-30.0,-1.2786030428103455e-31,-4.3473494849671515e-30
166.75,4.5377528045835134e-27,-30.0,-1.2323408104578846e-31,-4.347439311928841e-30
167.0,4.5377225743327096e-27,-30.0,-1.1860793894030448e-31,-4.347531755844952e-30
167.25,4.5376934645412376e-27,-30.0,-1.1427040548855072e-31,-4.3476165387615986e-30
167.5,4.5376654391236255e-27,-30.0,-1.0993294811577084e-31,-4.347703775327096e-30
167.75,4.5376384980608105e-27,-30.0,-1.0559556716895887e-31,-4.3477934654983105e-30
168.0,4.537612641333643e-27,-30.0,-1.012582629951027e-31,-4.3478856092319105e-30
168.25,4.537587834177643e-27,-30.0,-9.719899696779794e-32,-4.347970310518731e-30
168.5,4.53756404182917e-27,-30.0,-9.313980283166049e-32,-4.348057308044344e-30
168.75,4.537541264270211e-27,-30.0,-8.908068091142344e-32,-4.3481466017679894e-30
169.0,4.537519501482671e-27,-30.0,-8.502163153181415e-32,-4.348238191648724e-30
169.25,4.537498720011919e-27,-30.0,-8.123014575607199e-32,-4.3483225622468155e-30
169.5,4.5374788864041405e-27,-30.0,-7.743872780909178e-32,-4.348409077606023e-30
169.75,4.537460000642338e-27,-30.0,-7.364737799418469e-32,-4.3484977376878925e-30
170.0,4.5374420627094415e-27,-30.0,-6.985609661465646e-32,-4.3485885424537964e-30
170.25,4.5374250404417734e-27,-30.0,-6.632205535357454e-32,-4.348672354613942e-30
170.5,4.53740890167644e-27,-30.0,-6.278807798624968e-32,-4.348758165904246e-30
170.75,4.5373936463974324e-27,-30.0,-5.925416479539799e-32,-4.348845976288486e-30
171.0,4.5373792745886716e-27,-30.0,-5.572031606373041e-32,-4.348935785730278e-30
171.25,4.537365755403013e-27,-30.0,-5.243317920282018e-32,-4.349018831844572e-30
171.5,4.537353057994064e-27,-30.0,-4.91461024295178e-32,-4.349103737420398e-30
171.75,4.53734118234677e-27,-30.0,-4.5859086006787485e-32,-4.3491905024236914e-30
172.0,4.537330128446011e-27,-30.0,-4.2572130197588593e-32,-4.349279126820238e-30
172.25,4.537319866720513e-27,-30.0,-3.9521683171597427e-32,-4.3493612188640095e-30
172.5,4.537310367599725e-27,-30.0,-3.647129255690631e-32,-4.349445036478859e-30
172.75,4.537301631069514e-27,-30.0,-3.342095859754468e-32,-4.349530579632806e-30
173.0,4.537293657115685e-27,-30.0,-3.037068153753744e-32,-4.3496178482937335e-30
173.25,4.5372864174164824e-27,-30.0,-2.7546920876761563e-32,-4.3496988163578716e-30
173.5,4.537279883650841e-27,-30.0,-2.4723213081278135e-32,-4.3497813817613936e-30
173.75,4.5372740558055176e-27,-30.0,-2.1899558376982096e-32,-4.349865544474329e-30
174.0,4.537268933867209e-27,-30.0,-1.9075956989764153e-32,-4.3499513044665816e-30
174.25,4.537264490788457e-27,-30.0,-1.6468681257428696e-32,-4.350030995719075e-30
174.5,4.537260699522461e-27,-30.0,-1.3861454974719627e-32,-4.3501121618500024e-30
174.75,4.537257560056833e-27,-30.0,-1.1254278350213498e-32,-4.3501948028313315e-30
175.0,4.5372550723791315e-27,-30.0,-8.64715159248289e-33,-4.3502789186349125e-30
175.25,4.537253210649989e-27,-30.0,-6.246689224605047e-33,-4.350357196922057e-30
175.5,4.537251949030673e-27,-30.0,-3.846273020712977e-33,-4.350436833097691e-30
175.75,4.537251287509616e-27,-30.0,-1.4459031728385532e-33,-4.3505178271356476e-30
176.0,4.537251226075207e-27,-30.0,9.544201269900631e-34,-4.350600179009648e-30
176.25,4.537251740113413e-27,-30.0,3.157878360927441e-33,-4.350676923314961e-30
176.5,4.537252805010805e-27,-30.0,5.36129358722679e-33,-4.350754914067702e-30
176.75,4.537254420756609e-27,-30.0,7.564665629616201e-33,-4.350834151243492e-30
177.0,4.537256587340007e-27,-30.0,9.767994311827221e-33,-4.350914634817854e-30
177.25,4.5372592813173744e-27,-30.0,1.1783817971971788e-32,-4.350989738909509e-30
177.5,4.537262479245662e-27,-30.0,1.3799601652551202e-32,-4.351065983307699e-30
177.75,4.537266181114856e-27,-30.0,1.5815345192303967e-32,-4.351143367989761e-30
178.0,4.5372703869149004e-27,-30.0,1.7831048429971798e-32,-4.3512218929329436e-30
178.25,4.5372750743567636e-27,-30.0,1.9668480308936334e-32,-4.3512952640465935e-30
178.5,4.5372802211519654e-27,-30.0,2.1505875109499786e-32,-4.3513696745543405e-30
178.75,4.537285827291217e-27,-30.0,2.3343232684671655e-32,-4.3514451244351694e-30
179.0,4.537291892765193e-27,-30.0,2.518055288746443e-32,-4.35152161366798e-30
179.25,4.537298396416829e-27,-30.0,2.6848654494024555e-32,-4.3515931718403905e-30
179.5,4.537305317089582e-27,-30.0,2.8516721798055793e-32,-4.3516656736203716e-30
179.75,4.537312654774859e-27,-30.0,3.018475466611376e-32,-4.35173911898848e-30
180.0,4.537320409464034e-27,-30.0,3.185275296475681e-32,-4.351813507925199e-30
180.25,4.5373285611056666e-27,-30.0,3.3360374824262727e-32,-4.351883185262855e-30
180.5,4.5373370896488106e-27,-30.0,3.486796503367439e-32,-4.351953715428114e-30
180.75,4.5373459950855375e-27,-30.0,3.6375523472385476e-32,-4.352025098403037e-30
181.0,4.5373552774078906e-27,-30.0,3.7883050019792204e-32,-4.352097334169619e-30
181.25,4.5373649176248964e-27,-30.0,3.923868117922517e-32,-4.352165074064666e-30
181.5,4.5373748967460554e-27,-30.0,4.059428321964417e-32,-4.352233580809426e-30
181.75,4.5373852147640724e-27,-30.0,4.194985603260185e-32,-4.3523028543873965e-30
182.0,4.537395871671628e-27,-30.0,4.330539950965317e-32,-4.352372894782013e-30
182.25,4.537406849533664e-27,-30.0,4.451749233215735e-32,-4.352438650983231e-30
182.5,4.537418130415569e-27,-30.0,4.5729558447661247e-32,-4.352505092837599e-30
182.75,4.537429714310655e-27,-30.0,4.6941597759200293e-32,-4.352572220329983e-30
183.0,4.5374416012122075e-27,-30.0,4.815361016981206e-32,-4.3526400334451925e-30
183.25,4.537453774195173e-27,-30.0,4.923024949591481e-32,-4.352703769699935e-30
183.5,4.537466216334921e-27,-30.0,5.030686441039297e-32,-4.3527681149846934e-30
183.75,4.5374789276253374e-27,-30.0,5.138345482711799e-32,-4.352833069285633e-30
184.0,4.5374919080602866e-27,-30.0,5.246002065996327e-32,-4.352898632588872e-30
184.25,4.537505141680329e-27,-30.0,5.340893598549284e-32,-4.352960321688018e-30
184.5,4.537518612526426e-27,-30.0,5.435782908075254e-32,-4.353022547566459e-30
184.75,4.537532320593011e-27,-30.0,5.530669986983149e-32,-4.353085310211597e-30
185.0,4.537546265874496e-27,-30.0,5.625554827682058e-32,-4.3531486096107926e-30
185.25,4.537560433356691e-27,-30.0,5.708430591696902e-32,-4.3532082325614324e-30
185.5,4.537574808025776e-27,-30.0,5.791304339694061e-32,-4.353268324320752e-30
185.75,4.5375893898767044e-27,-30.0,5.874176065043686e-32,-4.353328884877329e-30
186.0,4.5376041789044105e-27,-30.0,5.957045761116085e-32,-4.3533899142197025e-30
186.25,4.537619161020384e-27,-30.0,6.028646714801889e-32,-4.35344745982467e-30
186.5,4.5376343221364685e-27,-30.0,6.100245848637238e-32,-4.3535054104591495e-30
186.75,4.537649662248107e-27,-30.0,6.171843156894245e-32,-4.353563766112831e-30
187.0,4.537665181350727e-27,-30.0,6.243438633845165e-32,-4.353622526775371e-30
187.25,4.537680866233338e-27,-30.0,6.304467182397381e-32,-4.35367799118233e-30
187.5,4.5376967036852786e-27,-30.0,6.365494096717031e-32,-4.353733800812994e-30
187.75,4.537712693702457e-27,-30.0,6.426519371921997e-32,-4.353789955658103e-30
188.0,4.5377288362807694e-27,-30.0,6.487543003130295e-32,-4.353846455708371e-30
188.25,4.5377451190566375e-27,-30.0,6.538677448271295e-32,-4.3538998415909706e-30
188.5,4.537761529666796e-27,-30.0,6.589810434551472e-32,-4.353953516728476e-30
188.75,4.537778068107592e-27,-30.0,6.640941957880218e-32,-4.3540074811126234e-30
189.0,4.537794734375364e-27,-30.0,6.692072014167042e-32,-4.354061734735126e-30
189.25,4.537811516924557e-27,-30.0,6.733967124667732e-32,-4.354113050787267e-30
189.5,4.5378284042099094e-27,-30.0,6.77586094174191e-32,-4.354164603829406e-30
189.75,4.537845396228185e-27,-30.0,6.817753462038095e-32,-4.3542163938542175e-30
190.0,4.537862492976136e-27,-30.0,6.859644682204909e-32,-4.354268420854355e-30
190.25,4.537879683705164e-27,-30.0,6.892938350203949e-32,-4.35431768133702e-30
190.5,4.5378969576669404e-27,-30.0,6.926230880585641e-32,-4.354367130153197e-30
190.75,4.537914314858618e-27,-30.0,6.959522270686601e-32,-4.354416767296444e-30
191.0,4.537931755277342e-27,-30.0,6.992812517843538e-32,-4.3544665927603015e-30
191.25,4.537949268909011e-27,-30.0,7.01809265137407e-32,-4.354513817099954e-30
191.5,4.5379668457397744e-27,-30.0,7.043371793787427e-32,-4.354561184442305e-30
191.75,4.537984485767153e-27,-30.0,7.068649943061298e-32,-4.354608694781742e-30
192.0,4.5380021889886616e-27,-30.0,7.093927097173441e-32,-4.354656348112641e-30
192.25,4.538019946122425e-27,-30.0,7.111779771332683e-32,-4.354701560027982e-30
192.5,4.538037747886808e-27,-30.0,7.129631591887364e-32,-4.35474687293051e-30
192.75,4.538055594279673e-27,-30.0,7.147482557409345e-32,-4.354792286815393e-30
193.0,4.5380734852988814e-27,-30.0,7.165332666470563e-32,-4.354837801677789e-30
193.25,4.538091412359403e-27,-30.0,7.176315629311248e-32,-4.354881029177566e-30
193.5,4.5381093668764246e-27,-30.0,7.187297867390082e-32,-4.3549243188040826e-30
193.75,4.538127348848135e-27,-30.0,7.198279379828494e-32,-4.354967670553237e-30
194.0,4.538145358272718e-27,-30.0,7.209260165747968e-32,-4.355011084420921e-30
194.25,4.5381633872228586e-27,-30.0,7.2138998453193e-32,-4.355052359289563e-30
194.5,4.538181427771442e-27,-30.0,7.218538920620928e-32,-4.3550936604023905e-30
194.75,4.538199479916957e-27,-30.0,7.223177391281729e-32,-4.3551349877559826e-30
195.0,4.5382175436578935e-27,-30.0,7.227815256930627e-32,-4.3551763413469196e-30
195.25,4.5382356116832585e-27,-30.0,7.226604952788153e-32,-4.355215698588547e-30
195.5,4.5382536766822485e-27,-30.0,7.225394156838127e-32,-4.3552550489822944e-30
195.75,4.538271738653634e-27,-30.0,7.224182869177412e-32,-4.35529439252538e-30
196.0,4.538289797596185e-27,-30.0,7.222971089902914e-32,-4.3553337292150234e-30
196.25,4.538307846825744e-27,-30.0,7.216412492304288e-32,-4.35537120660192e-30
196.5,4.5383258796583246e-27,-30.0,7.209853507647904e-32,-4.355408646886828e-30
196.75,4.538343896092961e-27,-30.0,7.203294136458474e-32,-4.35544605006756e-30
197.0,4.538361896128686e-27,-30.0,7.196734379260748e-32,-4.355483416141931e-30
197.25,4.538379873637452e-27,-30.0,7.185272584293277e-32,-4.3555190543777354e-30
197.5,4.538397822491367e-27,-30.0,7.173810499616739e-32,-4.3555546277752574e-30
197.75,4.538415742689709e-27,-30.0,7.162348126148093e-32,-4.35559013633286e-30
198.0,4.538433634231759e-27,-30.0,7.150885464804322e-32,-4.355625580048913e-30
198.25,4.5384514915455496e-27,-30.0,7.134965533828739e-32,-4.355659421852517e-30
198.5,4.538469309059263e-27,-30.0,7.119045403404953e-32,-4.355693173599161e-30
198.75,4.538487086772403e-27,-30.0,7.103125074806567e-32,-4.3557268352877215e-30
199.0,4.538504824684474e-27,-30.0,7.087204549307196e-32,-4.35576040691708e-30
199.25,4.538522517725432e-27,-30.0,7.067228197644706e-32,-4.355792497087753e-30
199.5,4.538540160825366e-27,-30.0,7.047251730013148e-32,-4.355824474255207e-30
199.75,4.5385577539839874e-27,-30.0,7.027275148010626e-32,-4.355856338418791e-30
200.0,4.538575297201013e-27,-30.0,7.007298453235256e-32,-4.355888089577861e-30
200.25,4.538592785906789e-27,-30.0,6.983666160548463e-32,-4.355918474352666e-30
200.5,4.538610215531784e-27,-30.0,6.960033828894205e-32,-4.355948725443419e-30
200.75,4.538627586075903e-27,-30.0,6.936401460163055e-32,-4.3559788428499065e-30
201.0,4.538644897539055e-27,-30.0,6.912769056245591e-32,-4.3560088265719245e-30
201.25,4.5386621458106086e-27,-30.0,6.88584819106473e-32,-4.3560375537104706e-30
201.5,4.5386793267800385e-27,-30.0,6.858927357736151e-32,-4.35606612856226e-30
201.75,4.538696440447427e-27,-30.0,6.832006558413506e-32,-4.356094551127479e-30
202.0,4.538713486812862e-27,-30.0,6.805085795250442e-32,-4.356122821406326e-30
202.25,4.5387304621961236e-27,-30.0,6.775220829811757e-32,-4.35614993969187e-30
202.5,4.5387473629170926e-27,-30.0,6.745355961156167e-32,-4.3561768890365576e-30
202.75,4.538764188976014e-27,-30.0,6.715491191672842e-32,-4.356203669440941e-30
203.0,4.538780940373137e-27,-30.0,6.685626523750948e-32,-4.3562302809055894e-30
203.25,4.538797613857885e-27,-30.0,6.653161300132845e-32,-4.356255839917952e-30
203.5,4.538814206179768e-27,-30.0,6.620696232625288e-32,-4.3562812152803966e-30
203.75,4.538830717339181e-27,-30.0,6.588231323825463e-32,-4.356306406993816e-30
204.0,4.538847147336523e-27,-30.0,6.555766576330542e-32,-4.356331415059114e-30
204.25,4.538863493289926e-27,-30.0,6.520996181193648e-32,-4.356355465234337e-30
204.5,4.538879752317604e-27,-30.0,6.48622599616913e-32,-4.356379318719825e-30
204.75,4.538895924420085e-27,-30.0,6.451456024038582e-32,-4.356402975516775e-30
205.0,4.538912009597905e-27,-30.0,6.416686267583582e-32,-4.3564264356263984e-30
205.25,4.538928005358199e-27,-30.0,6.379922010771086e-32,-4.3564490275820714e-30
205.5,4.538943909208175e-27,-30.0,6.343158013021478e-32,-4.356471411569204e-30
205.75,4.538959721148484e-27,-30.0,6.306394277275857e-32,-4.356493587589272e-30
206.0,4.538975441179783e-27,-30.0,6.2696308064753e-32,-4.356515555643764e-30
206.25,4.5389910671380255e-27,-30.0,6.231135837299579e-32,-4.356536740571755e-30
206.5,4.539006596859223e-27,-30.0,6.19264117134845e-32,-4.356557707740979e-30
206.75,4.539022030344138e-27,-30.0,6.154146811701465e-32,-4.356578457153162e-30
207.0,4.53903736759354e-27,-30.0,6.115652761438148e-32,-4.356598988810044e-30
207.25,4.539052606763158e-27,-30.0,6.075682989837407e-32,-4.3566188177442125e-30
207.5,4.5390677460087754e-27,-30.0,6.035713561095128e-32,-4.356638420577016e-30
207.75,4.539082785331253e-27,-30.0,5.99574447840884e-32,-4.3566577973104015e-30
208.0,4.539097724731459e-27,-30.0,5.955775744976046e-32,-4.356676947946337e-30
208.25,4.539112562677371e-27,-30.0,5.914581046552341e-32,-4.356695471832236e-30
208.5,4.539127297637008e-27,-30.0,5.873386726343307e-32,-4.3567137626876624e-30
208.75,4.5391419296113214e-27,-30.0,5.832192787644465e-32,-4.3567318205147654e-30
209.0,4.539156458601268e-27,-30.0,5.790999233751308e-32,-4.356749645315712e-30
209.25,4.539170883346443e-27,-30.0,5.74879697389736e-32,-4.356766915016636e-30
209.5,4.539185202586479e-27,-30.0,5.706595123578562e-32,-4.3567839459875696e-30
209.75,4.539199416322406e-27,-30.0,5.664393686171035e-32,-4.3568007382308385e-30
210.0,4.539213524555258e-27,-30.0,5.622192665050872e-32,-4.356817291748789e-30
210.25,4.539227526287216e-27,-30.0,5.579192973231702e-32,-4.3568333576158836e-30
210.5,4.5392414205204895e-27,-30.0,5.536193718469485e-32,-4.356849180242126e-30
210.75,4.539255207256176e-27,-30.0,5.493194904204134e-32,-4.356864759629998e-30
211.0,4.5392688864953815e-27,-30.0,5.450196533875528e-32,-4.356880095782001e-30
211.25,4.539282457487812e-27,-30.0,5.406597486744566e-32,-4.35689500769989e-30
211.5,4.5392959194832e-27,-30.0,5.362998900620823e-32,-4.3569096729865404e-30
211.75,4.539309272482702e-27,-30.0,5.319400778992161e-32,-4.35692409164457e-30
212.0,4.539322516487485e-27,-30.0,5.275803125346403e-32,-4.356938263676618e-30
212.25,4.539335650972958e-27,-30.0,5.231785333334003e-32,-4.356952070992762e-30
212.5,4.539348675414553e-27,-30.0,5.187768022926696e-32,-4.356965629308956e-30
212.75,4.539361589813478e-27,-30.0,5.143751197645838e-32,-4.356978938627935e-30
213.0,4.5393743941709494e-27,-30.0,5.09973486101275e-32,-4.3569919989524526e-30
213.25,4.539387088170782e-27,-30.0,5.055465087870519e-32,-4.357004750310335e-30
213.5,4.539399671496805e-27,-30.0,5.011195813790949e-32,-4.357017251242901e-30
213.75,4.53941214415027e-27,-30.0,4.966927042315554e-32,-4.3570295017529844e-30
214.0,4.539424506132439e-27,-30.0,4.92265877698581e-32,-4.357041501843439e-30
214.25,4.5394367573317555e-27,-30.0,4.8783007611824687e-32,-4.357053245114921e-30
214.5,4.539448897636674e-27,-30.0,4.83394325896255e-32,-4.357064737461955e-30
214.75,4.539460927048483e-27,-30.0,4.789586273874628e-32,-4.357075978887455e-30
215.0,4.5394728455684785e-27,-30.0,4.745229809467234e-32,-4.3570869693943575e-30
215.25,4.539484653243848e-27,-30.0,4.700910573008376e-32,-4.357097751716522e-30
215.5,4.5394963501217826e-27,-30.0,4.6565918619127065e-32,-4.35710828333364e-30
215.75,4.539507936203599e-27,-30.0,4.612273679725697e-32,-4.3571185642486925e-30
216.0,4.539519411490625e-27,-30.0,4.567956029992775e-32,-4.357128594464682e-30
216.25,4.5395307761948035e-27,-30.0,4.5238074016394056e-32,-4.357138461749695e-30
216.5,4.5395420305280795e-27,-30.0,4.479659307879607e-32,-4.357148079294789e-30
216.75,4.5395531744917924e-27,-30.0,4.4355117522452014e-32,-4.357157447102997e-30
217.0,4.539564208087293e-27,-30.0,4.3913647382679664e-32,-4.3571665651773744e-30
217.25,4.539575131685246e-27,-30.0,4.3475137141151093e-32,-4.3571755623940346e-30
217.5,4.539585945656315e-27,-30.0,4.3036632314163516e-32,-4.3571843115542916e-30
217.75,4.5395966500018574e-27,-30.0,4.2598132936797066e-32,-4.35719281266122e-30
218.0,4.53960724472324e-27,-30.0,4.2159639044131433e-32,-4.357201065717911e-30
218.25,4.539617730307737e-27,-30.0,4.172503783945853e-32,-4.357209236889103e-30
218.5,4.539628107242615e-27,-30.0,4.129044209596061e-32,-4.3572171622151816e-30
218.75,4.539638375529244e-27,-30.0,4.085585184840508e-32,-4.357224841699247e-30
219.0,4.5396485351690015e-27,-30.0,4.0421267131558907e-32,-4.3572322753444185e-30
219.25,4.539658586804864e-27,-30.0,3.9991820677380875e-32,-4.357239663177284e-30
219.5,4.539668531079798e-27,-30.0,3.956237971070548e-32,-4.357246808081001e-30
219.75,4.53967836799518e-27,-30.0,3.9132944265887737e-32,-4.357253710058683e-30
220.0,4.539688097552394e-27,-30.0,3.8703514377282224e-32,-4.357260369113464e-30
220.25,4.539697720476408e-27,-30.0,3.827987865157882e-32,-4.357267015610267e-30
220.5,4.539707237492177e-27,-30.0,3.785624842094674e-32,-4.3572734224649556e-30
220.75,4.539716648601079e-27,-30.0,3.743262371927617e-32,-4.3572795896806484e-30
221.0,4.539725953804501e-27,-30.0,3.700900458045682e-32,-4.357285517260482e-30
221.25,4.539735153943996e-27,-30.0,3.659211228840277e-32,-4.3572914628371815e-30
221.5,4.5397442498611034e-27,-30.0,3.617522548177901e-32,-4.357297172586413e-30
221.75,4.539753241557198e-27,-30.0,3.575834419393623e-32,-4.357302646511288e-30
222.0,4.539762129033664e-27,-30.0,3.534146845822468e-32,-4.3573078846149386e-30
222.25,4.539770913205018e-27,-30.0,3.4931903283566506e-32,-4.3573131687122775e-30
222.5,4.5397795949857614e-27,-30.0,3.452234356890692e-32,-4.357318221126968e-30
222.75,4.539788174377262e-27,-30.0,3.411278934701047e-32,-4.357323041862109e-30
223.0,4.539796651380897e-27,-30.0,3.3703240650641244e-32,-4.357327630920816e-30
223.25,4.539805027002938e-27,-30.0,3.330173657907767e-32,-4.3573322915411134e-30
223.5,4.539813302249638e-27,-30.0,3.290023792767639e-32,-4.357336725038783e-30
223.75,4.539821477122356e-27,-30.0,3.249874472855706e-32,-4.3573409314169016e-30
224.0,4.539829551622459e-27,-30.0,3.2097257013838884e-32,-4.35734491067856e-30
224.25,4.539837526823141e-27,-30.0,3.170434933850556e-32,-4.3573489847814274e-30
224.5,4.539845403797575e-27,-30.0,3.1311447030372156e-32,-4.35735283662449e-30
224.75,4.539853182547107e-27,-30.0,3.0918550120870616e-32,-4.3573564662107936e-30
225.0,4.5398608630730886e-27,-30.0,3.052565864143246e-32,-4.357359873543401e-30
225.25,4.539868446513396e-27,-30.0,3.014186469515381e-32,-4.35736339680974e-30
225.5,4.5398759340058784e-27,-30.0,2.97580760512224e-32,-4.35736670297174e-30
225.75,4.539883325551866e-27,-30.0,2.9374292740341086e-32,-4.357369792032411e-30
226.0,4.5398906211526956e-27,-30.0,2.8990514793212325e-32,-4.3573726639947775e-30
226.25,4.539897821992111e-27,-30.0,2.861620140011673e-32,-4.357375670899815e-30
226.5,4.5399049292538324e-27,-30.0,2.824189323379201e-32,-4.357378466063484e-30
226.75,4.539911942939168e-27,-30.0,2.786759032418258e-32,-4.357381049488749e-30
227.0,4.539918863049437e-27,-30.0,2.7493292701232474e-32,-4.357383421178593e-30
227.25,4.5399256908134854e-27,-30.0,2.7128820538457347e-32,-4.357385944846846e-30
227.5,4.539932427460135e-27,-30.0,2.6764353517268747e-32,-4.357388262340727e-30
227.75,4.539939072990676e-27,-30.0,2.639989166682381e-32,-4.357390373663151e-30
228.0,4.539945627406403e-27,-30.0,2.603543501627927e-32,-4.357392278817053e-30
228.25,4.539952091985032e-27,-30.0,2.568119485049465e-32,-4.357394351161363e-30
228.5,4.53995846800425e-27,-30.0,2.5326959732538286e-32,-4.357396223119342e-30
228.75,4.539964755465322e-27,-30.0,2.4972729690748784e-32,-4.3573978946938566e-30
229.0,4.539970954369521e-27,-30.0,2.4618504753464328e-32,-4.3573993658877844e-30
229.25,4.53997706600432e-27,-30.0,2.4274574461374505e-32,-4.357401017707947e-30
229.5,4.539983091657165e-27,-30.0,2.393064911576048e-32,-4.3574024749738756e-30
229.75,4.539989031329295e-27,-30.0,2.358672874413608e-32,-4.357403737688376e-30
230.0,4.5399948850219554e-27,-30.0,2.3242813374014736e-32,-4.35740480585427e-30
230.25,4.5400006540526825e-27,-30.0,2.29094332482927e-32,-4.357406066413871e-30
230.5,4.5400063397389825e-27,-30.0,2.257605796105657e-32,-4.357407138387261e-30
230.75,4.540011942082068e-27,-30.0,2.2242687538976175e-32,-4.3574080217771834e-30
231.0,4.540017461083159e-27,-30.0,2.1909322008720948e-32,-4.357408716586399e-30
231.25,4.5400228980898405e-27,-30.0,2.1586732220362544e-32,-4.3574096140552916e-30
231.5,4.540028254449664e-27,-30.0,2.126414715671208e-32,-4.357410329041854e-30
231.75,4.540033530163815e-27,-30.0,2.0941566843576167e-32,-4.357410861548768e-30
232.0,4.540038725233485e-27,-30.0,2.0618991306761042e-32,-4.357411211578727e-30
232.25,4.5400438410009744e-27,-30.0,2.0307149373924478e-32,-4.357411773063436e-30
232.5,4.5400488788085565e-27,-30.0,1.999531204703926e-32,-4.357412158145665e-30
232.75,4.540053838657385e-27,-30.0,1.9683479351052189e-32,-4.357412366828027e-30
233.0,4.54005872054862e-27,-30.0,1.9371651310909693e-32,-4.357412399113147e-30
233.25,4.540063525840323e-27,-30.0,1.9070683050505665e-32,-4.357412650276486e-30
233.5,4.5400682558905204e-27,-30.0,1.8769719273107122e-32,-4.357412731188365e-30
233.75,4.540072910700337e-27,-30.0,1.8468760002790982e-32,-4.3574126418513266e-30
234.0,4.540077490270901e-27,-30.0,1.8167805263633814e-32,-4.357412382267927e-30
234.25,4.540081995967762e-27,-30.0,1.7877770342709872e-32,-4.357412347746588e-30
234.5,4.540086429156437e-27,-30.0,1.7587739778352227e-32,-4.357412149158561e-30
234.75,4.5400907898380164e-27,-30.0,1.7297713593763152e-32,-4.3574117865063166e-30
235.0,4.5400950780136e-27,-30.0,1.7007691812144575e-32,-4.35741125979234e-30
235.25,4.540099295040438e-27,-30.0,1.6728523586617242e-32,-4.3574109631314854e-30
235.5,4.540103442275747e-27,-30.0,1.6449359588388333e-32,-4.357410508551015e-30
235.75,4.540107519720587e-27,-30.0,1.6170199839790798e-32,-4.357409896053326e-30
236.0,4.540111527376025e-27,-30.0,1.5891044363157255e-32,-4.357409125640829e-30
236.25,4.540115466590243e-27,-30.0,1.5622670067463368e-32,-4.357408589148749e-30
236.5,4.540119338711399e-27,-30.0,1.535429986760654e-32,-4.357407900842963e-30
236.75,4.540123143740519e-27,-30.0,1.5085933785056226e-32,-4.357407060725793e-30
237.0,4.540126881678636e-27,-30.0,1.4817571841281556e-32,-4.357406068799574e-30
237.25,4.5401305538769104e-27,-30.0,1.4560015010934437e-32,-4.3574053136612546e-30
237.5,4.540134161686472e-27,-30.0,1.4302462143342813e-32,-4.3574044128284506e-30
237.75,4.540137705108315e-27,-30.0,1.4044913259110757e-32,-4.35740336630341e-30
238.0,4.540141184143436e-27,-30.0,1.378736837884203e-32,-4.357402174088391e-30
238.25,4.540144600115139e-27,-30.0,1.354040587054059e-32,-4.357401220566327e-30
238.5,4.540147954346692e-27,-30.0,1.3293447190817566e-32,-4.357400127342773e-30
238.75,4.540151246839056e-27,-30.0,1.3046492359429505e-32,-4.357398894419899e-30
239.0,4.540154477593195e-27,-30.0,1.2799541396132648e-32,-4.357397521799887e-30
239.25,4.540157647929363e-27,-30.0,1.2563148555345798e-32,-4.357396388901343e-30
239.5,4.540160759167782e-27,-30.0,1.23267594083765e-32,-4.357395122280354e-30
239.75,4.540163811309378e-27,-30.0,1.2090373974135754e-32,-4.357393721939015e-30
240.0,4.540166804355082e-27,-30.0,1.1853992271534248e-32,-4.357392187879432e-30
240.25,4.540169739598038e-27,-30.0,1.162795196662738e-32,-4.357390893765337e-30
240.5,4.540172618331362e-27,-30.0,1.1401915220633112e-32,-4.357389471785017e-30
240.75,4.540175440555947e-27,-30.0,1.1175882051634248e-32,-4.3573879219404896e-30
241.0,4.540178206272688e-27,-30.0,1.0949852477713308e-32,-4.357386244233782e-30
241.25,4.5401809167686815e-27,-30.0,1.0734116033179473e-32,-4.3573848059700636e-30
241.5,4.540183573330992e-27,-30.0,1.0518383012933644e-32,-4.3573832456688024e-30
241.75,4.540186175960476e-27,-30.0,1.0302653434234333e-32,-4.357381563331941e-30
242.0,4.5401887246579975e-27,-30.0,1.008692731433978e-32,-4.357379758961431e-30
242.25,4.540191220673004e-27,-30.0,9.881193275885534e-33,-4.357378192841005e-30
242.5,4.540193665254911e-27,-30.0,9.675462527745389e-33,-4.3573765103411924e-30
242.75,4.540196058404544e-27,-30.0,9.469735086377682e-33,-4.35737471146386e-30
243.0,4.5401984001227316e-27,-30.0,9.264010968240486e-33,-4.357372796210884e-30
243.25,4.540200691635579e-27,-30.0,9.068092334239806e-33,-4.357371117367307e-30
243.5,4.540202934169162e-27,-30.0,8.872176857605606e-33,-4.357369327696717e-30
243.75,4.5402051277242725e-27,-30.0,8.676264554011006e-33,-4.3573674272009055e-30
244.0,4.540207272301705e-27,-30.0,8.480355439128877e-33,-4.3573654158816715e-30
244.25,4.5402093690996944e-27,-30.0,8.294028974303427e-33,-4.35736363856859e-30
244.5,4.540211419316445e-27,-30.0,8.107705535238456e-33,-4.357361755854589e-30
244.75,4.540213422952716e-27,-30.0,7.921385136839726e-33,-4.357359767741384e-30
245.0,4.540215380009269e-27,-30.0,7.73506779401276e-33,-4.3573576742307006e-30
245.25,4.540217291659487e-27,-30.0,7.558134425357272e-33,-4.3573558118184574e-30
245.5,4.540219159076724e-27,-30.0,7.381203952485175e-33,-4.357353849318776e-30
245.75,4.540220982261706e-27,-30.0,7.204276389550804e-33,-4.3573517867332985e-30
246.0,4.540222761215164e-27,-30.0,7.027351750708259e-33,-4.357349624063675e-30
246.25,4.5402244970826136e-27,-30.0,6.859588305172676e-33,-4.3573476891341845e-30
246.5,4.540226191009547e-27,-30.0,6.691827627325288e-33,-4.357345659304492e-30
246.75,4.540227842996659e-27,-30.0,6.524069730586846e-33,-4.357343534576167e-30
247.0,4.540229453044645e-27,-30.0,6.356314628377883e-33,-4.357341314950787e-30
247.25,4.5402310222726655e-27,-30.0,6.19750996898431e-33,-4.357339319305112e-30
247.5,4.54023255179985e-27,-30.0,6.03870795129405e-33,-4.3573372338270355e-30
247.75,4.540234041626862e-27,-30.0,5.879908588011168e-33,-4.357335058518055e-30
248.0,4.540235491754366e-27,-30.0,5.721111891839523e-33,-4.357332793379677e-30
248.25,4.5402369032578706e-27,-30.0,5.5709165614564765e-33,-4.357330748069054e-30
248.5,4.540238277212858e-27,-30.0,5.420723749112595e-33,-4.3573286177961476e-30
248.75,4.540239613619957e-27,-30.0,5.270533466823216e-33,-4.357326402562387e-30
249.0,4.5402409124798035e-27,-30.0,5.120345726603472e-33,-4.357324102369206e-30
249.25,4.5402421748468035e-27,-30.0,4.9785906742429956e-33,-4.35732201752945e-30
249.5,4.5402434017753394e-27,-30.0,4.836838018775069e-33,-4.357319852501902e-30
249.75,4.540244593266014e-27,-30.0,4.6950877715398165e-33,-4.357317607287921e-30
250.0,4.540245749319428e-27,-30.0,4.553339943877176e-33,-4.357315281888872e-30
250.25,4.540246870947844e-27,-30.0,4.4196877662417784e-33,-4.357313167083318e-30
250.5,4.540247959163502e-27,-30.0,4.286037867017932e-33,-4.357310976673599e-30
250.75,4.5402490139669704e-27,-30.0,4.15239025689755e-33,-4.357308710661008e-30
251.0,4.540250035358823e-27,-30.0,4.018744946572361e-33,-4.357306369046842e-30
251.25,4.540251024328726e-27,-30.0,3.893014628000665e-33,-4.35730423302557e-30
251.5,4.5402519818663185e-27,-30.0,3.767286472173799e-33,-4.357302025881364e-30
251.75,4.540252907972144e-27,-30.0,3.641560489149939e-33,-4.3572997476154505e-30
252.0,4.5402538026467456e-27,-30.0,3.515836688987091e-33,-4.3572973982290615e-30
252.25,4.5402546668466696e-27,-30.0,3.397763043838103e-33,-4.35729524924253e-30
252.5,4.540255501528439e-27,-30.0,3.2796914486836216e-33,-4.357293033464285e-30
252.75,4.540256306692566e-27,-30.0,3.161621912969306e-33,-4.35729075089549e-30
253.0,4.540257082339568e-27,-30.0,3.0435544461406467e-33,-4.357288401537311e-30
253.25,4.540257829383078e-27,-30.0,2.9327939448716837e-33,-4.3572862471817945e-30
253.5,4.540258548736704e-27,-30.0,2.822035383872527e-33,-4.3572840301714576e-30
253.75,4.5402592404009326e-27,-30.0,2.7112787720037945e-33,-4.3572817505074e-30
254.0,4.5402599043762534e-27,-30.0,2.60052411812595e-33,-4.357279408190728e-30
254.25,4.540260541561236e-27,-30.0,2.4969560399435447e-33,-4.3572772553561404e-30
254.5,4.540261152854427e-27,-30.0,2.3933897954194856e-33,-4.3572750439353365e-30
254.75,4.540261738256287e-27,-30.0,2.289825392839008e-33,-4.3572727739293554e-30
255.0,4.5402622977672784e-27,-30.0,2.186262840487203e-33,-4.357270445339241e-30
255.25,4.5402628322370535e-27,-30.0,2.0894956448502218e-33,-4.357268300586522e-30
255.5,4.540263342515246e-27,-30.0,1.9927301794219084e-33,-4.3572661010947026e-30
255.75,4.5402638286022886e-27,-30.0,1.8959664519434433e-33,-4.357263846864764e-30
256.0,4.540264290498618e-27,-30.0,1.799204470155864e-33,-4.357261537897691e-30
256.25,4.540264729010236e-27,-30.0,1.7088887441792634e-33,-4.357259406974934e-30
256.5,4.540265144943126e-27,-30.0,1.6185746482107477e-33,-4.357257224962538e-30
256.75,4.540265538297697e-27,-30.0,1.528262189475392e-33,-4.3572549918614265e-30
257.0,4.540265909074358e-27,-30.0,1.4379513751981379e-33,-4.3572527076725274e-30
257.25,4.540266258070809e-27,-30.0,1.3540204887227938e-33,-4.3572505957113574e-30
257.5,4.540266586084731e-27,-30.0,1.2700911353399693e-33,-4.357248436272317e-30
257.75,4.540266893116507e-27,-30.0,1.186163321763963e-33,-4.357246229356276e-30
258.0,4.5402671791665224e-27,-30.0,1.1022370547089494e-33,-4.357243974964108e-30
258.25,4.5402674449775465e-27,-30.0,1.0242513750506102e-33,-4.357241886933914e-30
258.5,4.540267691292331e-27,-30.0,9.462671348522119e-34,-4.357239754788929e-30
258.75,4.540267918111235e-27,-30.0,8.682843403524489e-34,-4.3572375785299676e-30
259.0,4.5402681254346226e-27,-30.0,7.903029977898974e-34,-4.35723535815785e-30
259.25,4.5402683139901914e-27,-30.0,7.181417750597147e-34,-4.357233298256837e-30
259.5,4.5402684845056226e-27,-30.0,6.4598190147960245e-34,-4.357231197535804e-30
259.75,4.540268636981255e-27,-30.0,5.738233828223082e-34,-4.3572290559955175e-30
260.0,4.5402687714174275e-27,-30.0,5.016662248604708e-34,-4.357226873636744e-30
260.25,4.540268888504966e-27,-30.0,4.350342922554909e-34,-4.3572248458764844e-30
260.5,4.540268988934679e-27,-30.0,3.6840362178912473e-34,-4.357222780424008e-30
260.75,4.540269072706883e-27,-30.0,3.017742187917861e-34,-4.3572206772800316e-30
261.0,4.540269139821895e-27,-30.0,2.3514608859378785e-34,-4.357218536445272e-30
261.25,4.540269190939679e-27,-30.0,1.7379637973458238e-34,-4.357216544339461e-30
261.5,4.540269226720183e-27,-30.0,1.1244784930308236e-34,-4.3572145175294754e-30
261.75,4.540269247163702e-27,-30.0,5.110050220713382e-35,-4.3572124560159834e-30
262.0,4.540269252270533e-27,-30.0,-1.0245656645511976e-35,-4.357210359799656e-30
262.25,4.540269242663762e-27,-30.0,-6.660832895544517e-35,-4.3572084064596355e-30
262.5,4.540269218966461e-27,-30.0,-1.2296990326145348e-34,-4.357206421236502e-30
262.75,4.540269181178904e-27,-30.0,-1.7933037505464358e-34,-4.357204404130878e-30
263.0,4.540269129301366e-27,-30.0,-2.3568973982621244e-34,-4.357202355143387e-30
263.25,4.540269063938109e-27,-30.0,-2.8721615443794733e-34,-4.357200443241535e-30
263.5,4.540268985693375e-27,-30.0,-3.387415482059155e-34,-4.3571985021923396e-30
263.75,4.5402688945674216e-27,-30.0,-3.902659170081178e-34,-4.357196531996377e-30
264.0,4.540268790560504e-27,-30.0,-4.4178925672263455e-34,-4.357194532654229e-30
264.25,4.540268674235493e-27,-30.0,-4.888106729551461e-34,-4.3571926646597666e-30
264.5,4.540268546155247e-27,-30.0,-5.358311422846873e-34,-4.357190770066341e-30
264.75,4.540268406320002e-27,-30.0,-5.828506609496487e-34,-4.357188848874489e-30
265.0,4.540268254729997e-27,-30.0,-6.2986922518849696e-34,-4.357186901084749e-30
265.25,4.540268091920252e-27,-30.0,-6.726085912389808e-34,-4.357185078956994e-30
265.5,4.540267918425775e-27,-30.0,-7.153470811288195e-34,-4.35718323265254e-30
265.75,4.540267734246785e-27,-30.0,-7.5808469143895975e-34,-4.3571813621718835e-30
266.0,4.540267539383503e-27,-30.0,-8.008214187504176e-34,-4.357179467515523e-30
266.25,4.5402673343581535e-27,-30.0,-8.393812507522349e-34,-4.357177692959385e-30
266.5,4.540267119692947e-27,-30.0,-8.77940274197737e-34,-4.357175896590822e-30
266.75,4.540266895388085e-27,-30.0,-9.164984860022257e-34,-4.357174078410291e-30
267.0,4.540266661443773e-27,-30.0,-9.550558830810665e-34,-4.357172238418253e-30
267.25,4.540266418343098e-27,-30.0,-9.897493983578614e-34,-4.3571705130564054e-30
267.5,4.5402661665691366e-27,-30.0,-1.0244421696134232e-33,-4.357168768069225e-30
267.75,4.540265906122076e-27,-30.0,-1.0591341940723508e-33,-4.3571670034571336e-30
268.0,4.540265637002103e-27,-30.0,-1.093825468959303e-33,-4.357165219220554e-30
268.25,4.5402653596674716e-27,-30.0,-1.1248514667149301e-33,-4.357163544224875e-30
268.5,4.5402650745764266e-27,-30.0,-1.1558767819516784e-33,-4.357161851678499e-30
268.75,4.540264781729138e-27,-30.0,-1.1869014121875406e-33,-4.357160141581813e-30
269.0,4.5402644811257776e-27,-30.0,-1.2179253549405655e-33,-4.357158413935206e-30
269.25,4.540264173197506e-27,-30.0,-1.2455007199974349e-33,-4.357156790251185e-30
269.5,4.540263858375471e-27,-30.0,-1.2730754610692756e-33,-4.357155150968417e-30
269.75,4.540263536659829e-27,-30.0,-1.3006495759501248e-33,-4.357153496087255e-30
270.0,4.5402632080507364e-27,-30.0,-1.3282230624340704e-33,-4.3571518256080526e-30
270.25,4.5402628729605314e-27,-30.0,-1.3524984842585652e-33,-4.357150253942196e-30
270.5,4.540262531801543e-27,-30.0,-1.3767733377310987e-33,-4.3571486685442984e-30
270.75,4.5402621845739116e-27,-30.0,-1.4010476209096954e-33,-4.357147069414682e-30
271.0,4.5402618312777815e-27,-30.0,-1.4253213318524275e-33,-4.35714545655367e-30
271.25,4.5402614722946415e-27,-30.0,-1.4465437067226668e-33,-4.357143937474389e-30
271.5,4.540261108005972e-27,-30.0,-1.4677655660474608e-33,-4.3571424063901105e-30
271.75,4.540260738411902e-27,-30.0,-1.4889869081290744e-33,-4.3571408633011265e-30
272.0,4.540260363512561e-27,-30.0,-1.5102077312698124e-33,-4.3571393082077294e-30
272.25,4.540259983663093e-27,-30.0,-1.52858793825695e-33,-4.3571378419725435e-30
272.5,4.540259599218631e-27,-30.0,-1.5469676797368776e-33,-4.3571363653401126e-30
272.75,4.540259210179293e-27,-30.0,-1.5653469542392272e-33,-4.357134878310701e-30
273.0,4.540258816545194e-27,-30.0,-1.5837257602936667e-33,-4.357133380884572e-30
273.25,4.540258418657935e-27,-30.0,-1.59937224883707e-33,-4.3571319675435584e-30
273.5,4.5402580168591054e-27,-30.0,-1.615018319220112e-33,-4.357130545351705e-30
273.75,4.540257611148811e-27,-30.0,-1.6306639701911176e-33,-4.357129114309249e-30
274.0,4.540257201527156e-27,-30.0,-1.6463092004984432e-33,-4.3571276744164275e-30
274.25,4.54025678830564e-27,-30.0,-1.659462861320657e-33,-4.357126313969427e-30
274.5,4.540256371795756e-27,-30.0,-1.6726161487242603e-33,-4.357124946081725e-30
274.75,4.540255951997597e-27,-30.0,-1.6857690616569977e-33,-4.3571235707535336e-30
275.0,4.5402555289112575e-27,-30.0,-1.698921599066644e-33,-4.3571221879850646e-30
275.25,4.540255102830175e-27,-30.0,-1.7097270043999252e-33,-4.3571208801532716e-30
275.5,4.5402546740477835e-27,-30.0,-1.7205320785171624e-33,-4.357119566209135e-30
275.75,4.540254242564164e-27,-30.0,-1.731336820553957e-33,-4.357118246152842e-30
276.0,4.540253808379401e-27,-30.0,-1.7421412296459353e-33,-4.35711691998458e-30
276.25,4.540253371765107e-27,-30.0,-1.7507730721082056e-33,-4.357115664388646e-30
276.5,4.5402529329928895e-27,-30.0,-1.7594046231021364e-33,-4.3571144039099045e-30
276.75,4.540252492062821e-27,-30.0,-1.7680358819372073e-33,-4.357113138548521e-30
277.0,4.5402520489749746e-27,-30.0,-1.7766668479229235e-33,-4.357111868304661e-30
277.25,4.540251603994931e-27,-30.0,-1.783173464219481e-33,-4.357110664440121e-30
277.5,4.540251157388265e-27,-30.0,-1.789679826427354e-33,-4.357109456894968e-30
277.75,4.5402507091550406e-27,-30.0,-1.796185934026037e-33,-4.357108245669347e-30
278.0,4.540250259295321e-27,-30.0,-1.802691786495046e-33,-4.357107030763402e-30
278.25,4.540249808047604e-27,-30.0,-1.8072899162941403e-33,-4.357105878189114e-30
278.5,4.5402493556503815e-27,-30.0,-1.8118878271118516e-33,-4.3571047230138025e-30
278.75,4.540248902103709e-27,-30.0,-1.8164855185803495e-33,-4.357103565237591e-30
279.0,4.54024844740764e-27,-30.0,-1.8210829903318205e-33,-4.357102404860605e-30
279.25,4.540247991769832e-27,-30.0,-1.824019446245227e-33,-4.357101302861726e-30
279.5,4.540247535397933e-27,-30.0,-1.8269557160678374e-33,-4.357100199201795e-30
279.75,4.5402470782919906e-27,-30.0,-1.829891799564752e-33,-4.3570990938809175e-30
280.0,4.54024662045205e-27,-30.0,-1.8328276965010854e-33,-4.3570979868992e-30
280.25,4.540246162088761e-27,-30.0,-1.8340785923550728e-33,-4.357096934512203e-30
280.5,4.5402457034127676e-27,-30.0,-1.8353293328667426e-33,-4.3570958814176405e-30
280.75,4.5402452444241085e-27,-30.0,-1.836579917936037e-33,-4.357094827615598e-30
281.0,4.540244785122823e-27,-30.0,-1.8378303474629095e-33,-4.357093773106164e-30
281.25,4.540244325701502e-27,-30.0,-1.8375401980908582e-33,-4.357092769585555e-30
281.5,4.5402438663527345e-27,-30.0,-1.8372499220967343e-33,-4.3570917662291144e-30
281.75,4.540243407076551e-27,-30.0,-1.8369595195037587e-33,-4.3570907630369135e-30
282.0,4.540242947872985e-27,-30.0,-1.836668990335165e-33,-4.357089760009024e-30
282.25,4.540242488901525e-27,-30.0,-1.8351026804059287e-33,-4.357088804457639e-30
282.5,4.540242030321654e-27,-30.0,-1.833536270609192e-33,-4.357087849792317e-30
282.75,4.540241572133398e-27,-30.0,-1.831969761070268e-33,-4.357086896013115e-30
283.0,4.540241114336782e-27,-30.0,-1.8304031519144756e-33,-4.35708594312009e-30
283.25,4.54024065708452e-27,-30.0,-1.827614935597624e-33,-4.357085034321495e-30
283.5,4.540240200529322e-27,-30.0,-1.8248266442590037e-33,-4.357084127100168e-30
283.75,4.5402397446712055e-27,-30.0,-1.822038278121676e-33,-4.357083221456152e-30
284.0,4.54023928951019e-27,-30.0,-1.8192498374087086e-33,-4.35708231738949e-30
284.25,4.5402388351959744e-27,-30.0,-1.815263877729206e-33,-4.3570814542213576e-30
284.5,4.5402383818782555e-27,-30.0,-1.811277866067733e-33,-4.357080593308031e-30
284.75,4.540237929557046e-27,-30.0,-1.8072918027431668e-33,-4.3570797346495394e-30
285.0,4.540237478232358e-27,-30.0,-1.8033056880743907e-33,-4.3570788782459114e-30
285.25,4.5402370280290626e-27,-30.0,-1.798320666530373e-33,-4.3570780596755246e-30
285.5,4.5402365790720266e-27,-30.0,-1.7933356143260933e-33,-4.35707724392509e-30
285.75,4.540236131361257e-27,-30.0,-1.7883505318603516e-33,-4.357076430994624e-30
286.0,4.540235684896762e-27,-30.0,-1.7833654195319527e-33,-4.357075620884145e-30
286.25,4.540235239804159e-27,-30.0,-1.7773754045437072e-33,-4.3570748456858916e-30
286.5,4.54023479620906e-27,-30.0,-1.771385378564063e-33,-4.3570740738760925e-30
286.75,4.54023435411147e-27,-30.0,-1.7653953420722197e-33,-4.3570733054547536e-30
287.0,4.5402339135113904e-27,-30.0,-1.759405295547375e-33,-4.357072540421882e-30
287.25,4.540233474506607e-27,-30.0,-1.7526329723402404e-33,-4.3570718075008056e-30
287.5,4.540233037194904e-27,-30.0,-1.7458606562442298e-33,-4.3570710784107175e-30
287.75,4.540232601576279e-27,-30.0,-1.739088347801124e-33,-4.3570703531516134e-30
288.0,4.54023216765073e-27,-30.0,-1.7323160475527032e-33,-4.35706963172349e-30
288.25,4.54023173552205e-27,-30.0,-1.724713405259318e-33,-4.357068939747876e-30
288.5,4.540231305294027e-27,-30.0,-1.7171107866714244e-33,-4.3570682520729434e-30
288.75,4.5402308769666555e-27,-30.0,-1.7095081923972277e-33,-4.357067568698678e-30
289.0,4.54023045053993e-27,-30.0,-1.7019056230449302e-33,-4.357066889625068e-30
289.25,4.540230026086809e-27,-30.0,-1.6937193517147318e-33,-4.357066237458357e-30
289.5,4.540229603680251e-27,-30.0,-1.68553311926412e-33,-4.3570655899224726e-30
289.75,4.5402291833202465e-27,-30.0,-1.6773469263479888e-33,-4.357064947017393e-30
290.0,4.540228765006785e-27,-30.0,-1.6691607736212285e-33,-4.357064308743093e-30
290.25,4.540228348816571e-27,-30.0,-1.660360945473958e-33,-4.3570636949508066e-30
290.5,4.540227934826308e-27,-30.0,-1.6515611700062554e-33,-4.357063086136421e-30
290.75,4.540227523035983e-27,-30.0,-1.642761447922098e-33,-4.357062482299907e-30
291.0,4.540227113445581e-27,-30.0,-1.633961779925457e-33,-4.357061883441233e-30
291.25,4.540226706125041e-27,-30.0,-1.6246025518352545e-33,-4.357061306796873e-30
291.5,4.5402263011443e-27,-30.0,-1.615243388946135e-33,-4.357060735446853e-30
291.75,4.540225898503341e-27,-30.0,-1.6058842920068263e-33,-4.357060169391138e-30
292.0,4.5402254982021486e-27,-30.0,-1.59652526176605e-33,-4.357059608629688e-30
292.25,4.540225100283583e-27,-30.0,-1.5868232739934814e-33,-4.357059067894355e-30
292.5,4.540224704790505e-27,-30.0,-1.5771213627230155e-33,-4.357058532647252e-30
292.75,4.540224311722895e-27,-30.0,-1.5674195287307987e-33,-4.3570580028883374e-30
293.0,4.540223921080735e-27,-30.0,-1.5577177727929723e-33,-4.3570574786175666e-30
293.25,4.540223532924924e-27,-30.0,-1.547528723334375e-33,-4.357056972330613e-30
293.5,4.540223147316366e-27,-30.0,-1.5373397605120611e-33,-4.357056471807411e-30
293.75,4.540222764255038e-27,-30.0,-1.5271508851411412e-33,-4.35705597704791e-30
294.0,4.540222383740917e-27,-30.0,-1.516962098036719e-33,-4.357055488052061e-30
294.25,4.540222005813847e-27,-30.0,-1.5064544864107106e-33,-4.357055015128263e-30
294.5,4.540221630513667e-27,-30.0,-1.4959469704871916e-33,-4.357054548148418e-30
294.75,4.5402212578403545e-27,-30.0,-1.4854395511067561e-33,-4.357054087112473e-30
295.0,4.540220887793885e-27,-30.0,-1.4749322291099922e-33,-4.357053632020372e-30
295.25,4.540220520399056e-27,-30.0,-1.4642264178104172e-33,-4.357053191150563e-30
295.5,4.5402201556806666e-27,-30.0,-1.4535207102427893e-33,-4.357052756336824e-30
295.75,4.5402197936386914e-27,-30.0,-1.4428151072635595e-33,-4.3570523275790954e-30
296.0,4.540219434273104e-27,-30.0,-1.4321096097291687e-33,-4.357051904877318e-30
296.25,4.54021907761396e-27,-30.0,-1.4211635640791354e-33,-4.3570514946708104e-30
296.5,4.540218723691314e-27,-30.0,-1.4102176292101956e-33,-4.357051090656266e-30
296.75,4.5402183725051374e-27,-30.0,-1.399271805998016e-33,-4.3570506928336235e-30
297.0,4.5402180240554026e-27,-30.0,-1.3883260953182578e-33,-4.357050301202818e-30
297.25,4.540217678360136e-27,-30.0,-1.3772360585809755e-33,-4.357049920453415e-30
297.5,4.540217335437363e-27,-30.0,-1.3661461387686956e-33,-4.3570495459774286e-30
297.75,4.540216995287056e-27,-30.0,-1.3550563367686056e-33,-4.357049177774791e-30
298.0,4.540216657909184e-27,-30.0,-1.3439666534678822e-33,-4.357048815845436e-30
298.25,4.540216323307479e-27,-30.0,-1.3328470085901868e-33,-4.357048463252044e-30
298.5,4.54021599148567e-27,-30.0,-1.3217274859163237e-33,-4.3570481169488154e-30
298.75,4.540215662443725e-27,-30.0,-1.3106080863358478e-33,-4.357047776935681e-30
299.0,4.5402153361816164e-27,-30.0,-1.2994888107383053e-33,-4.35704744321257e-30
299.25,4.5402150127053264e-27,-30.0,-1.28832152921899e-33,-4.357047117382457e-30
299.5,4.540214692020841e-27,-30.0,-1.2771543743646333e-33,-4.357046797869453e-30
299.75,4.5402143741281294e-27,-30.0,-1.265987347068601e-33,-4.357046484673487e-30
300.0,4.5402140590271585e-27,-30.0,-1.254820448224249e-33,-4.3570461777944856e-30
