case,information,role,plant,arm,physical_status,hold,overrides,changed_commands,geometry_checks,geometry_rejections,numerical_rejections,first_exit_lower_s,first_exit_upper_s,min_separation_lower_m,min_separation_upper_m,sampled_minimum_m,control_effort_mps,decision_cpu_s,decision_wall_max_s,fault_packet_dispositions,ambiguous_intervals
estimated_bias,estimator,estimator_mechanism,hcw,controlled_in_band,validated_violation,satisfied,0,0,300,0,0,98.235595703125,98.23583984375,24.0210845482655,24.021637396680426,24.02167917901848,2.5340312125474305,1.395119999999892,0.005655708024278283,"{""innovation_rejected"": 30}",1
estimated_bias,estimator,estimator_mechanism,hcw,controlled_union,validated_violation,satisfied,45,45,300,45,0,98.235595703125,98.23583984375,24.022208768043345,24.02273742194228,24.022793858911488,2.5299143454651314,1.4668690000000453,0.005775958998128772,"{""innovation_rejected"": 30}",1
estimated_bias,estimator,estimator_mechanism,hcw,no_gate,validated_violation,satisfied,0,0,0,0,0,98.235595703125,98.23583984375,24.0210845482655,24.021637396680426,24.02167917901848,2.5340312125474305,0.002902999999925271,1.8499908037483692e-05,"{""innovation_rejected"": 30}",1
estimated_bias,estimator,estimator_mechanism,hcw,original_gate,validated_violation,satisfied,0,0,300,0,0,98.235595703125,98.23583984375,24.0210845482655,24.021637396680426,24.02167917901848,2.5340312125474305,1.9660670000000593,0.018375208019278944,"{""innovation_rejected"": 30}",1
estimated_bias,estimator,estimator_mechanism,nonlinear,controlled_in_band,validated_violation,satisfied,0,0,300,0,0,98.235595703125,98.23583984375,24.021085979916673,24.02163883167292,24.021680609258926,2.5340189456330213,1.424916999999823,0.006005458068102598,"{""innovation_rejected"": 30}",1
estimated_bias,estimator,estimator_mechanism,nonlinear,controlled_union,validated_violation,satisfied,45,45,300,45,0,98.235595703125,98.23583984375,24.022210205727713,24.022738863057036,24.02279529651927,2.5299143454651314,1.480830999999995,0.0065232909983024,"{""innovation_rejected"": 30}",1
estimated_bias,estimator,estimator_mechanism,nonlinear,no_gate,validated_violation,satisfied,0,0,0,0,0,98.235595703125,98.23583984375,24.021085979916673,24.02163883167292,24.021680609258926,2.5340189456330213,0.003201000000046861,1.895800232887268e-05,"{""innovation_rejected"": 30}",1
estimated_bias,estimator,estimator_mechanism,nonlinear,original_gate,validated_violation,satisfied,0,0,300,0,0,98.235595703125,98.23583984375,24.021085979916673,24.02163883167292,24.021680609258926,2.5340189456330213,1.9247809999999674,0.023947666981257498,"{""innovation_rejected"": 30}",1
estimated_dropout,estimator,estimator_mechanism,hcw,controlled_in_band,validated_violation,satisfied,0,0,300,0,0,98.235595703125,98.23583984375,24.021326922041606,24.021876479924593,24.021919198767716,2.536852023325712,1.4143880000000308,0.005750457989051938,"{""dropout"": 6}",1
estimated_dropout,estimator,estimator_mechanism,hcw,controlled_union,validated_violation,satisfied,45,45,300,45,0,98.235595703125,98.23583984375,24.022208768043345,24.02273742194228,24.022793858911488,2.5301773561818144,1.4907930000000107,0.011585208936594427,"{""dropout"": 6}",1
estimated_dropout,estimator,estimator_mechanism,hcw,no_gate,validated_violation,satisfied,0,0,0,0,0,98.235595703125,98.23583984375,24.021326922041606,24.021876479924593,24.021919198767716,2.536852023325712,0.0028040000001539056,1.950003206729889e-05,"{""dropout"": 6}",1
estimated_dropout,estimator,estimator_mechanism,hcw,original_gate,validated_violation,satisfied,0,0,300,0,0,98.235595703125,98.23583984375,24.021326922041606,24.021876479924593,24.021919198767716,2.536852023325712,1.909775000000053,0.021748124971054494,"{""dropout"": 6}",1
estimated_dropout,estimator,estimator_mechanism,nonlinear,controlled_in_band,validated_violation,satisfied,0,0,300,0,0,98.235595703125,98.23583984375,24.021328355102835,24.02187791636472,24.021920630921667,2.536852023325712,1.4064619999998058,0.005878709023818374,"{""dropout"": 6}",1
estimated_dropout,estimator,estimator_mechanism,nonlinear,controlled_union,validated_violation,satisfied,45,45,300,45,0,98.235595703125,98.23583984375,24.022210205727713,24.022738863057036,24.02279529651927,2.5301761849491795,1.4820970000000955,0.005768417031504214,"{""dropout"": 6}",1
estimated_dropout,estimator,estimator_mechanism,nonlinear,no_gate,validated_violation,satisfied,0,0,0,0,0,98.235595703125,98.23583984375,24.021328355102835,24.02187791636472,24.021920630921667,2.536852023325712,0.0032090000000408736,1.762493047863245e-05,"{""dropout"": 6}",1
estimated_dropout,estimator,estimator_mechanism,nonlinear,original_gate,validated_violation,satisfied,0,0,300,0,0,98.235595703125,98.23583984375,24.021328355102835,24.02187791636472,24.021920630921667,2.536852023325712,1.911265000000114,0.01810112490784377,"{""dropout"": 6}",1
estimated_nominal,estimator,estimator_mechanism,hcw,controlled_in_band,validated_violation,satisfied,0,0,300,0,0,98.235595703125,98.23583984375,24.021130036538295,24.021648580896453,24.02171565058376,2.5342329789019953,1.4157040000000691,0.005103499977849424,{},1
estimated_nominal,estimator,estimator_mechanism,hcw,controlled_union,validated_violation,satisfied,45,45,300,45,0,98.235595703125,98.23583984375,24.022208768043345,24.02273742194228,24.022793858911488,2.5300842331789934,1.464685000000074,0.0057152919471263885,{},1
estimated_nominal,estimator,estimator_mechanism,hcw,no_gate,validated_violation,satisfied,0,0,0,0,0,98.235595703125,98.23583984375,24.021130036538295,24.021648580896453,24.02171565058376,2.5342329789019953,0.0028179999998627636,2.2707972675561905e-05,{},1
estimated_nominal,estimator,estimator_mechanism,hcw,original_gate,validated_violation,satisfied,0,0,300,0,0,98.235595703125,98.23583984375,24.021130036538295,24.021648580896453,24.02171565058376,2.5342329789019953,1.8965640000000263,0.018166832975111902,{},1
estimated_nominal,estimator,estimator_mechanism,nonlinear,controlled_in_band,validated_violation,satisfied,0,0,300,0,0,98.235595703125,98.23583984375,24.021131468848072,24.021650016571353,24.02171708203961,2.5342329789019953,1.42132399999997,0.0054448749870061874,{},1
estimated_nominal,estimator,estimator_mechanism,nonlinear,controlled_union,validated_violation,satisfied,45,45,300,45,0,98.235595703125,98.23583984375,24.022210205727713,24.022738863057036,24.02279529651927,2.5300842331789934,1.4815589999999688,0.005701040965504944,{},1
estimated_nominal,estimator,estimator_mechanism,nonlinear,no_gate,validated_violation,satisfied,0,0,0,0,0,98.235595703125,98.23583984375,24.021131468848072,24.021650016571353,24.02171708203961,2.5342329789019953,0.0031430000000369773,1.691700890660286e-05,{},1
estimated_nominal,estimator,estimator_mechanism,nonlinear,original_gate,validated_violation,satisfied,0,0,300,0,0,98.235595703125,98.23583984375,24.021131468848072,24.021650016571353,24.02171708203961,2.5342329789019953,1.9658500000000316,0.01821570796892047,{},1
hold_interior,ideal,ideal_main,hcw,controlled_in_band,validated_containment,satisfied,0,0,300,0,0,,,29.999999999991473,30.0,30.0,0.0,1.241581000000025,0.004882292007096112,{},0
hold_interior,ideal,ideal_main,hcw,controlled_union,validated_containment,satisfied,0,0,300,0,0,,,29.999999999991473,30.0,30.0,0.0,1.2933370000000117,0.005774874938651919,{},0
hold_interior,ideal,ideal_main,hcw,no_gate,validated_containment,satisfied,0,0,0,0,0,,,29.999999999991473,30.0,30.0,0.0,0.002272999999988201,2.1000043489038944e-05,{},0
hold_interior,ideal,ideal_main,hcw,original_gate,validated_containment,satisfied,0,0,300,0,0,,,29.999999999991473,30.0,30.0,0.0,10.26991099999993,0.06553295894991606,{},0
hold_interior,ideal,ideal_main,nonlinear,controlled_in_band,validated_containment,satisfied,0,0,300,0,0,,,29.999999999999982,30.0,29.99999999475607,7.620492522187342e-08,1.4111690000000188,0.006104708998464048,{},0
hold_interior,ideal,ideal_main,nonlinear,controlled_union,validated_containment,satisfied,0,0,300,0,0,,,29.999999999999982,30.0,29.99999999475607,7.620492522187342e-08,1.5201969999999498,0.012856291956268251,{},0
hold_interior,ideal,ideal_main,nonlinear,no_gate,validated_containment,satisfied,0,0,0,0,0,,,29.999999999999982,30.0,29.99999999475607,7.620492522187342e-08,0.002988000000012647,2.050003968179226e-05,{},0
hold_interior,ideal,ideal_main,nonlinear,original_gate,validated_containment,satisfied,0,0,300,0,0,,,29.999999999999982,30.0,29.99999999475607,7.620492522187342e-08,0.8676989999999734,0.04952325008343905,{},0
midpoint,ideal,ideal_main,hcw,controlled_in_band,validated_violation,satisfied,0,0,300,0,0,98.010986328125,98.01123046875,23.916210859582172,23.91669668234172,23.916833325822928,2.5229275202620673,1.4029190000000014,0.006889292038977146,{},1
midpoint,ideal,ideal_main,hcw,controlled_union,validated_violation,satisfied,45,0,300,45,0,98.010986328125,98.01123046875,23.916210859582172,23.91669668234172,23.916833325822928,2.5229275202620673,1.458833000000001,0.006841500056907535,{},1
midpoint,ideal,ideal_main,hcw,no_gate,validated_violation,satisfied,0,0,0,0,0,98.010986328125,98.01123046875,23.916210859582172,23.91669668234172,23.916833325822928,2.5229275202620673,0.0023849999999996374,4.245794843882322e-05,{},1
midpoint,ideal,ideal_main,hcw,original_gate,validated_violation,satisfied,0,0,300,0,0,98.010986328125,98.01123046875,23.916210859582172,23.91669668234172,23.916833325822928,2.5229275202620673,2.205988000000005,0.025685166008770466,{},1
midpoint,ideal,ideal_main,nonlinear,controlled_in_band,validated_violation,satisfied,0,0,300,0,0,98.010986328125,98.01123046875,23.9162109429375,23.916696766227417,23.916833410070485,2.522927553935416,1.382306000000002,0.006226790952496231,{},1
midpoint,ideal,ideal_main,nonlinear,controlled_union,validated_violation,satisfied,45,0,300,45,0,98.010986328125,98.01123046875,23.9162109429375,23.916696766227417,23.916833410070485,2.522927553935416,1.4449419999999948,0.006723084021359682,{},1
midpoint,ideal,ideal_main,nonlinear,no_gate,validated_violation,satisfied,0,0,0,0,0,98.010986328125,98.01123046875,23.9162109429375,23.916696766227417,23.916833410070485,2.522927553935416,0.003095000000000958,2.1249987185001373e-05,{},1
midpoint,ideal,ideal_main,nonlinear,original_gate,validated_violation,satisfied,0,0,300,0,0,98.010986328125,98.01123046875,23.9162109429375,23.916696766227417,23.916833410070485,2.522927553935416,2.187911,0.024838541983626783,{},1
offset_interior,ideal,ideal_main,hcw,controlled_in_band,validated_containment,satisfied,0,0,300,0,0,,,29.185250605355822,29.18533487159805,29.185334871588623,1.5642666132972878,1.3968299999999907,0.006333500030450523,{},1
offset_interior,ideal,ideal_main,hcw,controlled_union,validated_containment,satisfied,0,0,300,0,0,,,29.185250605355822,29.18533487159805,29.185334871588623,1.5642666132972878,1.451642999999983,0.005399874993599951,{},1
offset_interior,ideal,ideal_main,hcw,no_gate,validated_containment,satisfied,0,0,0,0,0,,,29.185250605355822,29.18533487159805,29.185334871588623,1.5642666132972878,0.0023159999999986525,2.462498378008604e-05,{},1
offset_interior,ideal,ideal_main,hcw,original_gate,validated_containment,satisfied,0,0,300,0,0,,,29.185250605355822,29.18533487159805,29.185334871588623,1.5642666132972878,2.298467999999996,0.02669808396603912,{},1
offset_interior,ideal,ideal_main,nonlinear,controlled_in_band,validated_containment,satisfied,0,0,300,0,0,,,29.185250612571465,29.18533487882366,29.185334878815155,1.5642666255398532,1.3804629999999776,0.004975249990820885,{},1
offset_interior,ideal,ideal_main,nonlinear,controlled_union,validated_containment,satisfied,0,0,300,0,0,,,29.185250612571465,29.18533487882366,29.185334878815155,1.5642666255398532,1.4548029999999947,0.005378499976359308,{},1
offset_interior,ideal,ideal_main,nonlinear,no_gate,validated_containment,satisfied,0,0,0,0,0,,,29.185250612571465,29.18533487882366,29.185334878815155,1.5642666255398532,0.002849999999995134,1.8124934285879135e-05,{},1
offset_interior,ideal,ideal_main,nonlinear,original_gate,validated_containment,satisfied,0,0,300,0,0,,,29.185250612571465,29.18533487882366,29.185334878815155,1.5642666255398532,2.254139000000004,0.018004167010076344,{},1
outward_boundary,ideal,unrecoverable_control,hcw,controlled_in_band,validated_violation,satisfied,0,0,300,0,0,0.0,0.0001220703125,26.56769302266322,26.568046438685695,26.56804643868546,0.2930687804574878,1.4054510000000278,0.005471667042002082,{},1
outward_boundary,ideal,unrecoverable_control,hcw,controlled_union,validated_violation,satisfied,19,0,300,19,0,0.0,0.0001220703125,26.56769302266322,26.568046438685695,26.56804643868546,0.2930687804574878,1.4558039999999721,0.012546417070552707,{},1
outward_boundary,ideal,unrecoverable_control,hcw,no_gate,validated_violation,satisfied,0,0,0,0,0,0.0,0.0001220703125,26.56769302266322,26.568046438685695,26.56804643868546,0.2930687804574878,0.002303999999980988,2.0666979253292084e-05,{},1
outward_boundary,ideal,unrecoverable_control,hcw,original_gate,validated_violation,satisfied,0,0,300,0,0,0.0,0.0001220703125,26.56769302266322,26.568046438685695,26.56804643868546,0.2930687804574878,2.777840000000083,0.017894665943458676,{},1
outward_boundary,ideal,unrecoverable_control,nonlinear,controlled_in_band,validated_violation,satisfied,0,0,300,0,0,0.0,0.0001220703125,26.567693022699252,26.568046438722032,26.56804643868628,0.29306877933662745,1.4226769999998794,0.00805025000590831,{},1
outward_boundary,ideal,unrecoverable_control,nonlinear,controlled_union,validated_violation,satisfied,19,0,300,19,0,0.0,0.0001220703125,26.567693022699252,26.568046438722032,26.56804643868628,0.29306877933662745,1.4893169999999643,0.006776917027309537,{},1
outward_boundary,ideal,unrecoverable_control,nonlinear,no_gate,validated_violation,satisfied,0,0,0,0,0,0.0,0.0001220703125,26.567693022699252,26.568046438722032,26.56804643868628,0.29306877933662745,0.0033560000000392165,3.645801916718483e-05,{},1
outward_boundary,ideal,unrecoverable_control,nonlinear,original_gate,validated_violation,satisfied,0,0,300,0,0,0.0,0.0001220703125,26.567693022699252,26.568046438722032,26.56804643868628,0.29306877933662745,2.879808999999959,0.02663079195190221,{},1
