gate,position_m,velocity_boundary_mps,strict_obstruction_boundary_excluded
information_boxes,0,180408473343757008437040866793642436050909111236654737/863900890098953202357239645154065520858159747942310689236,False
shifted_triples,0,1512475440078226221544344088079662048746925089785261672/25798732336841467109732913940485081225566689984741023457925,True
information_boxes,27755149745193385913390902583637297853986017113331498/13278507618805796150318880280777540620792105939232852852525,17860438861031943835267045812570601169040002012428818963/86390089009895320235723964515406552085815974794231068923600,False
shifted_triples,27755149745193385913390902583637297853986017113331498/13278507618805796150318880280777540620792105939232852852525,56552910501794071085447965470128669221272359337716923881156394823358675928251586043391252951145949589019542489976/1000300498559620176243055491892344102228482591246829488391850988048397296453308316990044836846567615044251064657131025,True
information_boxes,55510299490386771826781805167274595707972034226662996/13278507618805796150318880280777540620792105939232852852525,8840015193844093413415002472888479366494546450596082113/43195044504947660117861982257703276042907987397115534461800,False
shifted_triples,55510299490386771826781805167274595707972034226662996/13278507618805796150318880280777540620792105939232852852525,54462244372928843416445143316030281219030006113366292251587867406594423328710126014880379660497260188195132288296/1000300498559620176243055491892344102228482591246829488391850988048397296453308316990044836846567615044251064657131025,True
information_boxes,83265449235580157740172707750911893561958051339994494/13278507618805796150318880280777540620792105939232852852525,17499621914344429818392964078983316296938183789955509489/86390089009895320235723964515406552085815974794231068923600,False
shifted_triples,83265449235580157740172707750911893561958051339994494/13278507618805796150318880280777540620792105939232852852525,52371578244063615747442321161931893216787652889015660622019339989830170729168665986369506369848570787370722086616/1000300498559620176243055491892344102228482591246829488391850988048397296453308316990044836846567615044251064657131025,True
information_boxes,111020598980773543653563610334549191415944068453325992/13278507618805796150318880280777540620792105939232852852525,1082450840062542050622245200761854616305454667419928422/5399380563118457514732747782212909505363498424639441807725,False
shifted_triples,111020598980773543653563610334549191415944068453325992/13278507618805796150318880280777540620792105939232852852525,50280912115198388078439499007833505214545299664665028992450812573065918129627205957858633079199881386546311884936/1000300498559620176243055491892344102228482591246829488391850988048397296453308316990044836846567615044251064657131025,True
information_boxes,27755149745193385913390902583637297853986017113331498/2655701523761159230063776056155508124158421187846570570505,3427760993531383160303776469079206284967273113496440003/17278017801979064047144792903081310417163194958846213784720,False
shifted_triples,27755149745193385913390902583637297853986017113331498/2655701523761159230063776056155508124158421187846570570505,48190245986333160409436676853735117212302946440314397362882285156301665530085745929347759788551191985721901683256/1000300498559620176243055491892344102228482591246829488391850988048397296453308316990044836846567615044251064657131025,True
information_boxes,166530898471160315480345415501823787123916102679988988/13278507618805796150318880280777540620792105939232852852525,8479198247156579396540920739301194494392728228122772639/43195044504947660117861982257703276042907987397115534461800,False
shifted_triples,166530898471160315480345415501823787123916102679988988/13278507618805796150318880280777540620792105939232852852525,46099579857467932740433854699636729210060593215963765733313757739537412930544285900836886497902502584897491481576/1000300498559620176243055491892344102228482591246829488391850988048397296453308316990044836846567615044251064657131025,True
information_boxes,194286048216353701393736318085461084977902119793320486/13278507618805796150318880280777540620792105939232852852525,16777988020969401784644800611808746552734547345008890541/86390089009895320235723964515406552085815974794231068923600,False
shifted_triples,194286048216353701393736318085461084977902119793320486/13278507618805796150318880280777540620792105939232852852525,44008913728602705071431032545538341207818239991613134103745230322773160331002825872326013207253813184073081279896/1000300498559620176243055491892344102228482591246829488391850988048397296453308316990044836846567615044251064657131025,True
information_boxes,222041197961547087307127220669098382831888136906651984/13278507618805796150318880280777540620792105939232852852525,4149394886906411194051939936253776029170909558443058951/21597522252473830058930991128851638021453993698557767230900,False
shifted_triples,222041197961547087307127220669098382831888136906651984/13278507618805796150318880280777540620792105939232852852525,41918247599737477402428210391439953205575886767262502474176702906008907731461365843815139916605123783248671078216/1000300498559620176243055491892344102228482591246829488391850988048397296453308316990044836846567615044251064657131025,True
information_boxes,249796347706740473220518123252735680685874154019983482/13278507618805796150318880280777540620792105939232852852525,16417171074281887767770718878221461680632729122535581067/86390089009895320235723964515406552085815974794231068923600,False
shifted_triples,249796347706740473220518123252735680685874154019983482/13278507618805796150318880280777540620792105939232852852525,39827581470872249733425388237341565203333533542911870844608175489244655131919905815304266625956434382424260876536/1000300498559620176243055491892344102228482591246829488391850988048397296453308316990044836846567615044251064657131025,True
information_boxes,55510299490386771826781805167274595707972034226662996/2655701523761159230063776056155508124158421187846570570505,1623676260093813075933367801142781924458182001129892633/8639008900989532023572396451540655208581597479423106892360,False
shifted_triples,55510299490386771826781805167274595707972034226662996/2655701523761159230063776056155508124158421187846570570505,37736915342007022064422566083243177201091180318561239215039648072480402532378445786793393335307744981599850674856/1000300498559620176243055491892344102228482591246829488391850988048397296453308316990044836846567615044251064657131025,True
information_boxes,305306647197127245047299928420010276393846188246646478/13278507618805796150318880280777540620792105939232852852525,16056354127594373750896637144634176808530910900062271593/86390089009895320235723964515406552085815974794231068923600,False
shifted_triples,305306647197127245047299928420010276393846188246646478/13278507618805796150318880280777540620792105939232852852525,35646249213141794395419743929144789198848827094210607585471120655716149932836985758282520044659055580775440473176/1000300498559620176243055491892344102228482591246829488391850988048397296453308316990044836846567615044251064657131025,True
information_boxes,333061796942320630960690831003647574247832205359977976/13278507618805796150318880280777540620792105939232852852525,1984493206781327092807449534730066796560000223603202107/10798761126236915029465495564425819010726996849278883615450,False
shifted_triples,333061796942320630960690831003647574247832205359977976/13278507618805796150318880280777540620792105939232852852525,33555583084276566726416921775046401196606473869859975955902593238951897333295525729771646754010366179951030271496/1000300498559620176243055491892344102228482591246829488391850988048397296453308316990044836846567615044251064657131025,True
information_boxes,360816946687514016874081733587284872101818222473309474/13278507618805796150318880280777540620792105939232852852525,15695537180906859734022555411046891936429092677588962119/86390089009895320235723964515406552085815974794231068923600,False
shifted_triples,360816946687514016874081733587284872101818222473309474/13278507618805796150318880280777540620792105939232852852525,31464916955411339057414099620948013194364120645509344326334065822187644733754065701260773463361676779126620069816/1000300498559620176243055491892344102228482591246829488391850988048397296453308316990044836846567615044251064657131025,True
information_boxes,388572096432707402787472636170922169955804239586640972/13278507618805796150318880280777540620792105939232852852525,7757564353781551362792757272126624750189091783176153691/43195044504947660117861982257703276042907987397115534461800,False
shifted_triples,388572096432707402787472636170922169955804239586640972/13278507618805796150318880280777540620792105939232852852525,29374250826546111388411277466849625192121767421158712696765538405423392134212605672749900172712987378302209868136/1000300498559620176243055491892344102228482591246829488391850988048397296453308316990044836846567615044251064657131025,True
information_boxes,83265449235580157740172707750911893561958051339994494/2655701523761159230063776056155508124158421187846570570505,3066944046843869143429694735491921412865454891023130529/17278017801979064047144792903081310417163194958846213784720,False
shifted_triples,83265449235580157740172707750911893561958051339994494/2655701523761159230063776056155508124158421187846570570505,27283584697680883719408455312751237189879414196808081067197010988659139534671145644239026882064297977477799666456/1000300498559620176243055491892344102228482591246829488391850988048397296453308316990044836846567615044251064657131025,True
information_boxes,444082395923094174614254441338196765663776273813303968/13278507618805796150318880280777540620792105939232852852525,3788577940218897177177858202666491157069091335969749477/21597522252473830058930991128851638021453993698557767230900,False
shifted_triples,444082395923094174614254441338196765663776273813303968/13278507618805796150318880280777540620792105939232852852525,25192918568815656050405633158652849187637060972457449437628483571894886935129685615728153591415608576653389464776/1000300498559620176243055491892344102228482591246829488391850988048397296453308316990044836846567615044251064657131025,True
information_boxes,471837545668287560527645343921834063517762290926635466/13278507618805796150318880280777540620792105939232852852525,14973903287531831700274391943872322192225456232642343171/86390089009895320235723964515406552085815974794231068923600,False
shifted_triples,471837545668287560527645343921834063517762290926635466/13278507618805796150318880280777540620792105939232852852525,23102252439950428381402811004554461185394707748106817808059956155130634335588225587217280300766919175828979263096/1000300498559620176243055491892344102228482591246829488391850988048397296453308316990044836846567615044251064657131025,True
information_boxes,499592695413480946441036246505471361371748308039966964/13278507618805796150318880280777540620792105939232852852525,7396747407094037345918675538539339878087273560702844217/43195044504947660117861982257703276042907987397115534461800,False
shifted_triples,499592695413480946441036246505471361371748308039966964/13278507618805796150318880280777540620792105939232852852525,21011586311085200712399988850456073183152354523756186178491428738366381736046765558706407010118229775004569061416/1000300498559620176243055491892344102228482591246829488391850988048397296453308316990044836846567615044251064657131025,True
information_boxes,527347845158674332354427149089108659225734325153298462/13278507618805796150318880280777540620792105939232852852525,14613086340844317683400310210285037320123638010169033697/86390089009895320235723964515406552085815974794231068923600,False
shifted_triples,527347845158674332354427149089108659225734325153298462/13278507618805796150318880280777540620792105939232852852525,18920920182219973043397166696357685180910001299405554548922901321602129136505305530195533719469540374180158859736/1000300498559620176243055491892344102228482591246829488391850988048397296453308316990044836846567615044251064657131025,True
information_boxes,111020598980773543653563610334549191415944068453325992/2655701523761159230063776056155508124158421187846570570505,180408473343757008437040866793642436050909111236654737/1079876112623691502946549556442581901072699684927888361545,False
shifted_triples,111020598980773543653563610334549191415944068453325992/2655701523761159230063776056155508124158421187846570570505,16830254053354745374394344542259297178667648075054922919354373904837876536963845501684660428820850973355748658056/1000300498559620176243055491892344102228482591246829488391850988048397296453308316990044836846567615044251064657131025,True
information_boxes,582858144649061104181208954256383254933706359379961458/13278507618805796150318880280777540620792105939232852852525,14252269394156803666526228476697752448021819787695724223/86390089009895320235723964515406552085815974794231068923600,False
shifted_triples,582858144649061104181208954256383254933706359379961458/13278507618805796150318880280777540620792105939232852852525,14739587924489517705391522388160909176425294850704291289785846488073623937422385473173787138172161572531338456376/1000300498559620176243055491892344102228482591246829488391850988048397296453308316990044836846567615044251064657131025,True
information_boxes,610613294394254490094599856840020552787692376493292956/13278507618805796150318880280777540620792105939232852852525,7035930460406523329044593804952055005985455338229534743/43195044504947660117861982257703276042907987397115534461800,False
shifted_triples,610613294394254490094599856840020552787692376493292956/13278507618805796150318880280777540620792105939232852852525,12648921795624290036388700234062521174182941626353659660217319071309371337880925444662913847523472171706928254696/1000300498559620176243055491892344102228482591246829488391850988048397296453308316990044836846567615044251064657131025,True
information_boxes,27755149745193385913390902583637297853986017113331498/577326418208947658709516533946849592208352432140558819675,13891452447469289649652146743110467575920001565222414749/86390089009895320235723964515406552085815974794231068923600,False
shifted_triples,27755149745193385913390902583637297853986017113331498/577326418208947658709516533946849592208352432140558819675,459054594206915755103733829563657963997416887043609914376034419762831249493020235484871328559773163951413828392/43491326024331312010567630082275830531673156141166499495297869045582491150143839869132384210720331088880481072049175,True
information_boxes,666123593884641261921381662007295148495664410719955952/13278507618805796150318880280777540620792105939232852852525,3427760993531383160303776469079206284967273113496440003/21597522252473830058930991128851638021453993698557767230900,False
shifted_triples,666123593884641261921381662007295148495664410719955952/13278507618805796150318880280777540620792105939232852852525,8467589537893834698383055925865745169698235177652396401080264237780866138798005387641167266226093370058107851336/1000300498559620176243055491892344102228482591246829488391850988048397296453308316990044836846567615044251064657131025,True
information_boxes,27755149745193385913390902583637297853986017113331498/531140304752231846012755211231101624831684237569314114101,541225420031271025311122600380927308152727333709964211/3455603560395812809428958580616262083432638991769242756944,False
shifted_triples,27755149745193385913390902583637297853986017113331498/531140304752231846012755211231101624831684237569314114101,6376923409028607029380233771767357167455881953301764771511736821016613539256545359130293975577403969233697649656/1000300498559620176243055491892344102228482591246829488391850988048397296453308316990044836846567615044251064657131025,True
information_boxes,721633893375028033748163467174569744203636444946618948/13278507618805796150318880280777540620792105939232852852525,6675113513719009312170512071364770133883637115756225269/43195044504947660117861982257703276042907987397115534461800,False
shifted_triples,721633893375028033748163467174569744203636444946618948/13278507618805796150318880280777540620792105939232852852525,4286257280163379360377411617668969165213528728951133141943209404252360939715085330619420684928714568409287447976/1000300498559620176243055491892344102228482591246829488391850988048397296453308316990044836846567615044251064657131025,True
information_boxes,749389043120221419661554369758207042057622462059950446/13278507618805796150318880280777540620792105939232852852525,13169818554094261615903983275935897831716365120275795801/86390089009895320235723964515406552085815974794231068923600,False
shifted_triples,749389043120221419661554369758207042057622462059950446/13278507618805796150318880280777540620792105939232852852525,2195591151298151691374589463570581162971175504600501512374681987488108340173625302108547394280025167584877246296/1000300498559620176243055491892344102228482591246829488391850988048397296453308316990044836846567615044251064657131025,True
information_boxes,777144192865414805574945272341844339911608479173281944/13278507618805796150318880280777540620792105939232852852525,1623676260093813075933367801142781924458182001129892633/10798761126236915029465495564425819010726996849278883615450,False
shifted_triples,777144192865414805574945272341844339911608479173281944/13278507618805796150318880280777540620792105939232852852525,104925022432924022371767309472193160728822280249869882806154570723855740632165273597674103631335766760467044616/1000300498559620176243055491892344102228482591246829488391850988048397296453308316990044836846567615044251064657131025,True
information_boxes,804899342610608191488336174925481637765594496286613442/13278507618805796150318880280777540620792105939232852852525,12809001607406747599029901542348612959614546897802486327/86390089009895320235723964515406552085815974794231068923600,False
information_boxes,166530898471160315480345415501823787123916102679988988/2655701523761159230063776056155508124158421187846570570505,1262859313406299059059286067555497052356363778656583159/8639008900989532023572396451540655208581597479423106892360,False
information_boxes,860409642100994963315117980092756233473566530513276438/13278507618805796150318880280777540620792105939232852852525,12448184660719233582155819808761328087512728675329176853/86390089009895320235723964515406552085815974794231068923600,False
information_boxes,888164791846188349228508882676393531327552547626607936/13278507618805796150318880280777540620792105939232852852525,3066944046843869143429694735491921412865454891023130529/21597522252473830058930991128851638021453993698557767230900,False
information_boxes,915919941591381735141899785260030829181538564739939434/13278507618805796150318880280777540620792105939232852852525,12087367714031719565281738075174043215410910452855867379/86390089009895320235723964515406552085815974794231068923600,False
information_boxes,943675091336575121055290687843668127035524581853270932/13278507618805796150318880280777540620792105939232852852525,5953479620343981278422348604190200389680000670809606321/43195044504947660117861982257703276042907987397115534461800,False
information_boxes,194286048216353701393736318085461084977902119793320486/2655701523761159230063776056155508124158421187846570570505,2345310153468841109681531268317351668661818446076511581/17278017801979064047144792903081310417163194958846213784720,False
information_boxes,999185390826961892882072493010942722743496616079933928/13278507618805796150318880280777540620792105939232852852525,721633893375028033748163467174569744203636444946618948/5399380563118457514732747782212909505363498424639441807725,False
information_boxes,1026940540572155278795463395594580020597482633193265426/13278507618805796150318880280777540620792105939232852852525,11365733820656691531533574607999473471207274007909248431/86390089009895320235723964515406552085815974794231068923600,False
information_boxes,1054695690317348664708854298178217318451468650306596924/13278507618805796150318880280777540620792105939232852852525,5592662673656467261548266870602915517578182448336296847/43195044504947660117861982257703276042907987397115534461800,False
information_boxes,1082450840062542050622245200761854616305454667419928422/13278507618805796150318880280777540620792105939232852852525,11004916873969177514659492874412188599105455785435938957/86390089009895320235723964515406552085815974794231068923600,False
information_boxes,222041197961547087307127220669098382831888136906651984/2655701523761159230063776056155508124158421187846570570505,541225420031271025311122600380927308152727333709964211/4319504450494766011786198225770327604290798739711553446180,False
information_boxes,1137961139552928822449027005929129212013426701646591418/13278507618805796150318880280777540620792105939232852852525,10644099927281663497785411140824903727003637562962629483/86390089009895320235723964515406552085815974794231068923600,False
information_boxes,1165716289298122208362417908512766509867412718759922916/13278507618805796150318880280777540620792105939232852852525,5231845726968953244674185137015630645476364225862987373/43195044504947660117861982257703276042907987397115534461800,False
information_boxes,1193471439043315594275808811096403807721398735873254414/13278507618805796150318880280777540620792105939232852852525,10283282980594149480911329407237618854901819340489320009/86390089009895320235723964515406552085815974794231068923600,False
information_boxes,1221226588788508980189199713680041105575384752986585912/13278507618805796150318880280777540620792105939232852852525,1262859313406299059059286067555497052356363778656583159/10798761126236915029465495564425819010726996849278883615450,False
information_boxes,249796347706740473220518123252735680685874154019983482/2655701523761159230063776056155508124158421187846570570505,1984493206781327092807449534730066796560000223603202107/17278017801979064047144792903081310417163194958846213784720,False
information_boxes,55510299490386771826781805167274595707972034226662996/577326418208947658709516533946849592208352432140558819675,4871028780281439227800103403428345773374546003389677899/43195044504947660117861982257703276042907987397115534461800,False
information_boxes,1304492038024089137929372421430952999137342804326580406/13278507618805796150318880280777540620792105939232852852525,9561649087219121447163165940063049110698182895542701061/86390089009895320235723964515406552085815974794231068923600,False
information_boxes,1332247187769282523842763324014590296991328821439911904/13278507618805796150318880280777540620792105939232852852525,2345310153468841109681531268317351668661818446076511581/21597522252473830058930991128851638021453993698557767230900,False
information_boxes,1360002337514475909756154226598227594845314838553243402/13278507618805796150318880280777540620792105939232852852525,9200832140531607430289084206475764238596364673069391587/86390089009895320235723964515406552085815974794231068923600,False
information_boxes,55510299490386771826781805167274595707972034226662996/531140304752231846012755211231101624831684237569314114101,180408473343757008437040866793642436050909111236654737/1727801780197906404714479290308131041716319495884621378472,False
information_boxes,1415512637004862681582936031765502190553286872779906398/13278507618805796150318880280777540620792105939232852852525,8840015193844093413415002472888479366494546450596082113/86390089009895320235723964515406552085815974794231068923600,False
information_boxes,1443267786750056067496326934349139488407272889893237896/13278507618805796150318880280777540620792105939232852852525,541225420031271025311122600380927308152727333709964211/5399380563118457514732747782212909505363498424639441807725,False
information_boxes,1471022936495249453409717836932776786261258907006569394/13278507618805796150318880280777540620792105939232852852525,8479198247156579396540920739301194494392728228122772639/86390089009895320235723964515406552085815974794231068923600,False
information_boxes,1498778086240442839323108739516414084115244924119900892/13278507618805796150318880280777540620792105939232852852525,4149394886906411194051939936253776029170909558443058951/43195044504947660117861982257703276042907987397115534461800,False
information_boxes,305306647197127245047299928420010276393846188246646478/2655701523761159230063776056155508124158421187846570570505,1623676260093813075933367801142781924458182001129892633/17278017801979064047144792903081310417163194958846213784720,False
information_boxes,1554288385730829611149890544683688679823216958346563888/13278507618805796150318880280777540620792105939232852852525,1984493206781327092807449534730066796560000223603202107/21597522252473830058930991128851638021453993698557767230900,False
information_boxes,1582043535476022997063281447267325977677202975459895386/13278507618805796150318880280777540620792105939232852852525,7757564353781551362792757272126624750189091783176153691/86390089009895320235723964515406552085815974794231068923600,False
information_boxes,1609798685221216382976672349850963275531188992573226884/13278507618805796150318880280777540620792105939232852852525,3788577940218897177177858202666491157069091335969749477/43195044504947660117861982257703276042907987397115534461800,False
information_boxes,1637553834966409768890063252434600573385175009686558382/13278507618805796150318880280777540620792105939232852852525,7396747407094037345918675538539339878087273560702844217/86390089009895320235723964515406552085815974794231068923600,False
information_boxes,333061796942320630960690831003647574247832205359977976/2655701523761159230063776056155508124158421187846570570505,180408473343757008437040866793642436050909111236654737/2159752225247383005893099112885163802145399369855776723090,False
information_boxes,1693064134456796540716845057601875169093147043913221378/13278507618805796150318880280777540620792105939232852852525,7035930460406523329044593804952055005985455338229534743/86390089009895320235723964515406552085815974794231068923600,False
information_boxes,1720819284201989926630235960185512466947133061026552876/13278507618805796150318880280777540620792105939232852852525,3427760993531383160303776469079206284967273113496440003/43195044504947660117861982257703276042907987397115534461800,False
information_boxes,1748574433947183312543626862769149764801119078139884374/13278507618805796150318880280777540620792105939232852852525,6675113513719009312170512071364770133883637115756225269/86390089009895320235723964515406552085815974794231068923600,False
information_boxes,1776329583692376698457017765352787062655105095253215872/13278507618805796150318880280777540620792105939232852852525,1623676260093813075933367801142781924458182001129892633/21597522252473830058930991128851638021453993698557767230900,False
information_boxes,360816946687514016874081733587284872101818222473309474/2655701523761159230063776056155508124158421187846570570505,1262859313406299059059286067555497052356363778656583159/17278017801979064047144792903081310417163194958846213784720,False
information_boxes,1831839883182763470283799570520061658363077129479878868/13278507618805796150318880280777540620792105939232852852525,3066944046843869143429694735491921412865454891023130529/43195044504947660117861982257703276042907987397115534461800,False
information_boxes,1859595032927956856197190473103698956217063146593210366/13278507618805796150318880280777540620792105939232852852525,5953479620343981278422348604190200389680000670809606321/86390089009895320235723964515406552085815974794231068923600,False
information_boxes,1887350182673150242110581375687336254071049163706541864/13278507618805796150318880280777540620792105939232852852525,360816946687514016874081733587284872101818222473309474/5399380563118457514732747782212909505363498424639441807725,False
information_boxes,83265449235580157740172707750911893561958051339994494/577326418208947658709516533946849592208352432140558819675,5592662673656467261548266870602915517578182448336296847/86390089009895320235723964515406552085815974794231068923600,False
information_boxes,388572096432707402787472636170922169955804239586640972/2655701523761159230063776056155508124158421187846570570505,541225420031271025311122600380927308152727333709964211/8639008900989532023572396451540655208581597479423106892360,False
information_boxes,1970615631908730399850754083438248147633007215046536358/13278507618805796150318880280777540620792105939232852852525,5231845726968953244674185137015630645476364225862987373/86390089009895320235723964515406552085815974794231068923600,False
information_boxes,1998370781653923785764144986021885445486993232159867856/13278507618805796150318880280777540620792105939232852852525,1262859313406299059059286067555497052356363778656583159/21597522252473830058930991128851638021453993698557767230900,False
information_boxes,2026125931399117171677535888605522743340979249273199354/13278507618805796150318880280777540620792105939232852852525,4871028780281439227800103403428345773374546003389677899/86390089009895320235723964515406552085815974794231068923600,False
information_boxes,2053881081144310557590926791189160041194965266386530852/13278507618805796150318880280777540620792105939232852852525,2345310153468841109681531268317351668661818446076511581/43195044504947660117861982257703276042907987397115534461800,False
information_boxes,83265449235580157740172707750911893561958051339994494/531140304752231846012755211231101624831684237569314114101,180408473343757008437040866793642436050909111236654737/3455603560395812809428958580616262083432638991769242756944,False
information_boxes,2109391380634697329417708596356434636902937300613193848/13278507618805796150318880280777540620792105939232852852525,541225420031271025311122600380927308152727333709964211/10798761126236915029465495564425819010726996849278883615450,False
information_boxes,2137146530379890715331099498940071934756923317726525346/13278507618805796150318880280777540620792105939232852852525,4149394886906411194051939936253776029170909558443058951/86390089009895320235723964515406552085815974794231068923600,False
information_boxes,2164901680125084101244490401523709232610909334839856844/13278507618805796150318880280777540620792105939232852852525,1984493206781327092807449534730066796560000223603202107/43195044504947660117861982257703276042907987397115534461800,False
information_boxes,2192656829870277487157881304107346530464895351953188342/13278507618805796150318880280777540620792105939232852852525,3788577940218897177177858202666491157069091335969749477/86390089009895320235723964515406552085815974794231068923600,False
information_boxes,444082395923094174614254441338196765663776273813303968/2655701523761159230063776056155508124158421187846570570505,180408473343757008437040866793642436050909111236654737/4319504450494766011786198225770327604290798739711553446180,False
information_boxes,2248167129360664258984663109274621126172867386179851338/13278507618805796150318880280777540620792105939232852852525,3427760993531383160303776469079206284967273113496440003/86390089009895320235723964515406552085815974794231068923600,False
information_boxes,2275922279105857644898054011858258424026853403293182836/13278507618805796150318880280777540620792105939232852852525,1623676260093813075933367801142781924458182001129892633/43195044504947660117861982257703276042907987397115534461800,False
information_boxes,2303677428851051030811444914441895721880839420406514334/13278507618805796150318880280777540620792105939232852852525,3066944046843869143429694735491921412865454891023130529/86390089009895320235723964515406552085815974794231068923600,False
information_boxes,2331432578596244416724835817025533019734825437519845832/13278507618805796150318880280777540620792105939232852852525,180408473343757008437040866793642436050909111236654737/5399380563118457514732747782212909505363498424639441807725,False
information_boxes,471837545668287560527645343921834063517762290926635466/2655701523761159230063776056155508124158421187846570570505,541225420031271025311122600380927308152727333709964211/17278017801979064047144792903081310417163194958846213784720,False
information_boxes,2386942878086631188551617622192807615442797471746508828/13278507618805796150318880280777540620792105939232852852525,1262859313406299059059286067555497052356363778656583159/43195044504947660117861982257703276042907987397115534461800,False
information_boxes,2414698027831824574465008524776444913296783488859840326/13278507618805796150318880280777540620792105939232852852525,2345310153468841109681531268317351668661818446076511581/86390089009895320235723964515406552085815974794231068923600,False
information_boxes,2442453177577017960378399427360082211150769505973171824/13278507618805796150318880280777540620792105939232852852525,541225420031271025311122600380927308152727333709964211/21597522252473830058930991128851638021453993698557767230900,False
information_boxes,2470208327322211346291790329943719509004755523086503322/13278507618805796150318880280777540620792105939232852852525,1984493206781327092807449534730066796560000223603202107/86390089009895320235723964515406552085815974794231068923600,False
information_boxes,499592695413480946441036246505471361371748308039966964/2655701523761159230063776056155508124158421187846570570505,180408473343757008437040866793642436050909111236654737/8639008900989532023572396451540655208581597479423106892360,False
information_boxes,2525718626812598118118572135110994104712727557313166318/13278507618805796150318880280777540620792105939232852852525,1623676260093813075933367801142781924458182001129892633/86390089009895320235723964515406552085815974794231068923600,False
information_boxes,111020598980773543653563610334549191415944068453325992/577326418208947658709516533946849592208352432140558819675,180408473343757008437040866793642436050909111236654737/10798761126236915029465495564425819010726996849278883615450,False
information_boxes,2581228926302984889945353940278268700420699591539829314/13278507618805796150318880280777540620792105939232852852525,1262859313406299059059286067555497052356363778656583159/86390089009895320235723964515406552085815974794231068923600,False
information_boxes,2608984076048178275858744842861905998274685608653160812/13278507618805796150318880280777540620792105939232852852525,541225420031271025311122600380927308152727333709964211/43195044504947660117861982257703276042907987397115534461800,False
information_boxes,527347845158674332354427149089108659225734325153298462/2655701523761159230063776056155508124158421187846570570505,180408473343757008437040866793642436050909111236654737/17278017801979064047144792903081310417163194958846213784720,False
information_boxes,2664494375538565047685526648029180593982657642879823808/13278507618805796150318880280777540620792105939232852852525,180408473343757008437040866793642436050909111236654737/21597522252473830058930991128851638021453993698557767230900,False
information_boxes,2692249525283758433598917550612817891836643659993155306/13278507618805796150318880280777540620792105939232852852525,541225420031271025311122600380927308152727333709964211/86390089009895320235723964515406552085815974794231068923600,False
information_boxes,2720004675028951819512308453196455189690629677106486804/13278507618805796150318880280777540620792105939232852852525,180408473343757008437040866793642436050909111236654737/43195044504947660117861982257703276042907987397115534461800,False
information_boxes,2747759824774145205425699355780092487544615694219818302/13278507618805796150318880280777540620792105939232852852525,180408473343757008437040866793642436050909111236654737/86390089009895320235723964515406552085815974794231068923600,False
information_boxes,111020598980773543653563610334549191415944068453325992/531140304752231846012755211231101624831684237569314114101,0,False
