time_s,x_m,y_m,vx_mps,vy_mps,sampled_inside_union,sampled_collision,sampled_keep_out,sampled_hold_eligible
0.0,0.0,-30.0,0.0,0.0,True,False,False,True
0.25,0.0,-30.0,0.0,0.0,True,False,False,True
0.5,0.0,-30.0,0.0,0.0,True,False,False,True
0.75,0.0,-30.0,0.0,0.0,True,False,False,True
1.0,0.0,-30.0,0.0,0.0,True,False,False,True
1.25,0.0,-30.0,0.0,0.0,True,False,False,True
1.5,0.0,-30.0,0.0,0.0,True,False,False,True
1.75,0.0,-30.0,0.0,0.0,True,False,False,True
2.0,0.0,-30.0,0.0,0.0,True,False,False,True
2.25,0.0,-30.0,0.0,0.0,True,False,False,True
2.5,0.0,-30.0,0.0,0.0,True,False,False,True
2.75,0.0,-30.0,0.0,0.0,True,False,False,True
3.0,0.0,-30.0,0.0,0.0,True,False,False,True
3.25,0.0,-30.0,0.0,0.0,True,False,False,True
3.5,0.0,-30.0,0.0,0.0,True,False,False,True
3.75,0.0,-30.0,0.0,0.0,True,False,False,True
4.0,0.0,-30.0,0.0,0.0,True,False,False,True
4.25,0.0,-30.0,0.0,0.0,True,False,False,True
4.5,0.0,-30.0,0.0,0.0,True,False,False,True
4.75,0.0,-30.0,0.0,0.0,True,False,False,True
5.0,0.0,-30.0,0.0,0.0,True,False,False,True
5.25,0.0,-30.0,0.0,0.0,True,False,False,True
5.5,0.0,-30.0,0.0,0.0,True,False,False,True
5.75,0.0,-30.0,0.0,0.0,True,False,False,True
6.0,0.0,-30.0,0.0,0.0,True,False,False,True
6.25,0.0,-30.0,0.0,0.0,True,False,False,True
6.5,0.0,-30.0,0.0,0.0,True,False,False,True
6.75,0.0,-30.0,0.0,0.0,True,False,False,True
7.0,0.0,-30.0,0.0,0.0,True,False,False,True
7.25,0.0,-30.0,0.0,0.0,True,False,False,True
7.5,0.0,-30.0,0.0,0.0,True,False,False,True
7.75,0.0,-30.0,0.0,0.0,True,False,False,True
8.0,0.0,-30.0,0.0,0.0,True,False,False,True
8.25,0.0,-30.0,0.0,0.0,True,False,False,True
8.5,0.0,-30.0,0.0,0.0,True,False,False,True
8.75,0.0,-30.0,0.0,0.0,True,False,False,True
9.0,0.0,-30.0,0.0,0.0,True,False,False,True
9.25,0.0,-30.0,0.0,0.0,True,False,False,True
9.5,0.0,-30.0,0.0,0.0,True,False,False,True
9.75,0.0,-30.0,0.0,0.0,True,False,False,True
10.0,0.0,-30.0,0.0,0.0,True,False,False,True
10.25,0.0,-30.0,0.0,0.0,True,False,False,True
10.5,0.0,-30.0,0.0,0.0,True,False,False,True
10.75,0.0,-30.0,0.0,0.0,True,False,False,True
11.0,0.0,-30.0,0.0,0.0,True,False,False,True
11.25,0.0,-30.0,0.0,0.0,True,False,False,True
11.5,0.0,-30.0,0.0,0.0,True,False,False,True
11.75,0.0,-30.0,0.0,0.0,True,False,False,True
12.0,0.0,-30.0,0.0,0.0,True,False,False,True
12.25,0.0,-30.0,0.0,0.0,True,False,False,True
12.5,0.0,-30.0,0.0,0.0,True,False,False,True
12.75,0.0,-30.0,0.0,0.0,True,False,False,True
13.0,0.0,-30.0,0.0,0.0,True,False,False,True
13.25,0.0,-30.0,0.0,0.0,True,False,False,True
13.5,0.0,-30.0,0.0,0.0,True,False,False,True
13.75,0.0,-30.0,0.0,0.0,True,False,False,True
14.0,0.0,-30.0,0.0,0.0,True,False,False,True
14.25,0.0,-30.0,0.0,0.0,True,False,False,True
14.5,0.0,-30.0,0.0,0.0,True,False,False,True
14.75,0.0,-30.0,0.0,0.0,True,False,False,True
15.0,0.0,-30.0,0.0,0.0,True,False,False,True
15.25,0.0,-30.0,0.0,0.0,True,False,False,True
15.5,0.0,-30.0,0.0,0.0,True,False,False,True
15.75,0.0,-30.0,0.0,0.0,True,False,False,True
16.0,0.0,-30.0,0.0,0.0,True,False,False,True
16.25,0.0,-30.0,0.0,0.0,True,False,False,True
16.5,0.0,-30.0,0.0,0.0,True,False,False,True
16.75,0.0,-30.0,0.0,0.0,True,False,False,True
17.0,0.0,-30.0,0.0,0.0,True,False,False,True
17.25,0.0,-30.0,0.0,0.0,True,False,False,True
17.5,0.0,-30.0,0.0,0.0,True,False,False,True
17.75,0.0,-30.0,0.0,0.0,True,False,False,True
18.0,0.0,-30.0,0.0,0.0,True,False,False,True
18.25,0.0,-30.0,0.0,0.0,True,False,False,True
18.5,0.0,-30.0,0.0,0.0,True,False,False,True
18.75,0.0,-30.0,0.0,0.0,True,False,False,True
19.0,0.0,-30.0,0.0,0.0,True,False,False,True
19.25,0.0,-30.0,0.0,0.0,True,False,False,True
19.5,0.0,-30.0,0.0,0.0,True,False,False,True
19.75,0.0,-30.0,0.0,0.0,True,False,False,True
20.0,0.0,-30.0,0.0,0.0,True,False,False,True
20.25,0.0,-30.0,0.0,0.0,True,False,False,True
20.5,0.0,-30.0,0.0,0.0,True,False,False,True
20.75,0.0,-30.0,0.0,0.0,True,False,False,True
21.0,0.0,-30.0,0.0,0.0,True,False,False,True
21.25,0.0,-30.0,0.0,0.0,True,False,False,True
21.5,0.0,-30.0,0.0,0.0,True,False,False,True
21.75,0.0,-30.0,0.0,0.0,True,False,False,True
22.0,0.0,-30.0,0.0,0.0,True,False,False,True
22.25,0.0,-30.0,0.0,0.0,True,False,False,True
22.5,0.0,-30.0,0.0,0.0,True,False,False,True
22.75,0.0,-30.0,0.0,0.0,True,False,False,True
23.0,0.0,-30.0,0.0,0.0,True,False,False,True
23.25,0.0,-30.0,0.0,0.0,True,False,False,True
23.5,0.0,-30.0,0.0,0.0,True,False,False,True
23.75,0.0,-30.0,0.0,0.0,True,False,False,True
24.0,0.0,-30.0,0.0,0.0,True,False,False,True
24.25,0.0,-30.0,0.0,0.0,True,False,False,True
24.5,0.0,-30.0,0.0,0.0,True,False,False,True
24.75,0.0,-30.0,0.0,0.0,True,False,False,True
25.0,0.0,-30.0,0.0,0.0,True,False,False,True
25.25,0.0,-30.0,0.0,0.0,True,False,False,True
25.5,0.0,-30.0,0.0,0.0,True,False,False,True
25.75,0.0,-30.0,0.0,0.0,True,False,False,True
26.0,0.0,-30.0,0.0,0.0,True,False,False,True
26.25,0.0,-30.0,0.0,0.0,True,False,False,True
26.5,0.0,-30.0,0.0,0.0,True,False,False,True
26.75,0.0,-30.0,0.0,0.0,True,False,False,True
27.0,0.0,-30.0,0.0,0.0,True,False,False,True
27.25,0.0,-30.0,0.0,0.0,True,False,False,True
27.5,0.0,-30.0,0.0,0.0,True,False,False,True
27.75,0.0,-30.0,0.0,0.0,True,False,False,True
28.0,0.0,-30.0,0.0,0.0,True,False,False,True
28.25,0.0,-30.0,0.0,0.0,True,False,False,True
28.5,0.0,-30.0,0.0,0.0,True,False,False,True
28.75,0.0,-30.0,0.0,0.0,True,False,False,True
29.0,0.0,-30.0,0.0,0.0,True,False,False,True
29.25,0.0,-30.0,0.0,0.0,True,False,False,True
29.5,0.0,-30.0,0.0,0.0,True,False,False,True
29.75,0.0,-30.0,0.0,0.0,True,False,False,True
30.0,0.0,-30.0,0.0,0.0,True,False,False,True
30.25,0.0,-30.0,0.0,0.0,True,False,False,True
30.5,0.0,-30.0,0.0,0.0,True,False,False,True
30.75,0.0,-30.0,0.0,0.0,True,False,False,True
31.0,0.0,-30.0,0.0,0.0,True,False,False,True
31.25,0.0,-30.0,0.0,0.0,True,False,False,True
31.5,0.0,-30.0,0.0,0.0,True,False,False,True
31.75,0.0,-30.0,0.0,0.0,True,False,False,True
32.0,0.0,-30.0,0.0,0.0,True,False,False,True
32.25,0.0,-30.0,0.0,0.0,True,False,False,True
32.5,0.0,-30.0,0.0,0.0,True,False,False,True
32.75,0.0,-30.0,0.0,0.0,True,False,False,True
33.0,0.0,-30.0,0.0,0.0,True,False,False,True
33.25,0.0,-30.0,0.0,0.0,True,False,False,True
33.5,0.0,-30.0,0.0,0.0,True,False,False,True
33.75,0.0,-30.0,0.0,0.0,True,False,False,True
34.0,0.0,-30.0,0.0,0.0,True,False,False,True
34.25,0.0,-30.0,0.0,0.0,True,False,False,True
34.5,0.0,-30.0,0.0,0.0,True,False,False,True
34.75,0.0,-30.0,0.0,0.0,True,False,False,True
35.0,0.0,-30.0,0.0,0.0,True,False,False,True
35.25,0.0,-30.0,0.0,0.0,True,False,False,True
35.5,0.0,-30.0,0.0,0.0,True,False,False,True
35.75,0.0,-30.0,0.0,0.0,True,False,False,True
36.0,0.0,-30.0,0.0,0.0,True,False,False,True
36.25,0.0,-30.0,0.0,0.0,True,False,False,True
36.5,0.0,-30.0,0.0,0.0,True,False,False,True
36.75,0.0,-30.0,0.0,0.0,True,False,False,True
37.0,0.0,-30.0,0.0,0.0,True,False,False,True
37.25,0.0,-30.0,0.0,0.0,True,False,False,True
37.5,0.0,-30.0,0.0,0.0,True,False,False,True
37.75,0.0,-30.0,0.0,0.0,True,False,False,True
38.0,0.0,-30.0,0.0,0.0,True,False,False,True
38.25,0.0,-30.0,0.0,0.0,True,False,False,True
38.5,0.0,-30.0,0.0,0.0,True,False,False,True
38.75,0.0,-30.0,0.0,0.0,True,False,False,True
39.0,0.0,-30.0,0.0,0.0,True,False,False,True
39.25,0.0,-30.0,0.0,0.0,True,False,False,True
39.5,0.0,-30.0,0.0,0.0,True,False,False,True
39.75,0.0,-30.0,0.0,0.0,True,False,False,True
40.0,0.0,-30.0,0.0,0.0,True,False,False,True
40.25,0.0,-30.0,0.0,0.0,True,False,False,True
40.5,0.0,-30.0,0.0,0.0,True,False,False,True
40.75,0.0,-30.0,0.0,0.0,True,False,False,True
41.0,0.0,-30.0,0.0,0.0,True,False,False,True
41.25,0.0,-30.0,0.0,0.0,True,False,False,True
41.5,0.0,-30.0,0.0,0.0,True,False,False,True
41.75,0.0,-30.0,0.0,0.0,True,False,False,True
42.0,0.0,-30.0,0.0,0.0,True,False,False,True
42.25,0.0,-30.0,0.0,0.0,True,False,False,True
42.5,0.0,-30.0,0.0,0.0,True,False,False,True
42.75,0.0,-30.0,0.0,0.0,True,False,False,True
43.0,0.0,-30.0,0.0,0.0,True,False,False,True
43.25,0.0,-30.0,0.0,0.0,True,False,False,True
43.5,0.0,-30.0,0.0,0.0,True,False,False,True
43.75,0.0,-30.0,0.0,0.0,True,False,False,True
44.0,0.0,-30.0,0.0,0.0,True,False,False,True
44.25,0.0,-30.0,0.0,0.0,True,False,False,True
44.5,0.0,-30.0,0.0,0.0,True,False,False,True
44.75,0.0,-30.0,0.0,0.0,True,False,False,True
45.0,0.0,-30.0,0.0,0.0,True,False,False,True
45.25,0.0,-30.0,0.0,0.0,True,False,False,True
45.5,0.0,-30.0,0.0,0.0,True,False,False,True
45.75,0.0,-30.0,0.0,0.0,True,False,False,True
46.0,0.0,-30.0,0.0,0.0,True,False,False,True
46.25,0.0,-30.0,0.0,0.0,True,False,False,True
46.5,0.0,-30.0,0.0,0.0,True,False,False,True
46.75,0.0,-30.0,0.0,0.0,True,False,False,True
47.0,0.0,-30.0,0.0,0.0,True,False,False,True
47.25,0.0,-30.0,0.0,0.0,True,False,False,True
47.5,0.0,-30.0,0.0,0.0,True,False,False,True
47.75,0.0,-30.0,0.0,0.0,True,False,False,True
48.0,0.0,-30.0,0.0,0.0,True,False,False,True
48.25,0.0,-30.0,0.0,0.0,True,False,False,True
48.5,0.0,-30.0,0.0,0.0,True,False,False,True
48.75,0.0,-30.0,0.0,0.0,True,False,False,True
49.0,0.0,-30.0,0.0,0.0,True,False,False,True
49.25,0.0,-30.0,0.0,0.0,True,False,False,True
49.5,0.0,-30.0,0.0,0.0,True,False,False,True
49.75,0.0,-30.0,0.0,0.0,True,False,False,True
50.0,0.0,-30.0,0.0,0.0,True,False,False,True
50.25,0.0,-30.0,0.0,0.0,True,False,False,True
50.5,0.0,-30.0,0.0,0.0,True,False,False,True
50.75,0.0,-30.0,0.0,0.0,True,False,False,True
51.0,0.0,-30.0,0.0,0.0,True,False,False,True
51.25,0.0,-30.0,0.0,0.0,True,False,False,True
51.5,0.0,-30.0,0.0,0.0,True,False,False,True
51.75,0.0,-30.0,0.0,0.0,True,False,False,True
52.0,0.0,-30.0,0.0,0.0,True,False,False,True
52.25,0.0,-30.0,0.0,0.0,True,False,False,True
52.5,0.0,-30.0,0.0,0.0,True,False,False,True
52.75,0.0,-30.0,0.0,0.0,True,False,False,True
53.0,0.0,-30.0,0.0,0.0,True,False,False,True
53.25,0.0,-30.0,0.0,0.0,True,False,False,True
53.5,0.0,-30.0,0.0,0.0,True,False,False,True
53.75,0.0,-30.0,0.0,0.0,True,False,False,True
54.0,0.0,-30.0,0.0,0.0,True,False,False,True
54.25,0.0,-30.0,0.0,0.0,True,False,False,True
54.5,0.0,-30.0,0.0,0.0,True,False,False,True
54.75,0.0,-30.0,0.0,0.0,True,False,False,True
55.0,0.0,-30.0,0.0,0.0,True,False,False,True
55.25,0.0,-30.0,0.0,0.0,True,False,False,True
55.5,0.0,-30.0,0.0,0.0,True,False,False,True
55.75,0.0,-30.0,0.0,0.0,True,False,False,True
56.0,0.0,-30.0,0.0,0.0,True,False,False,True
56.25,0.0,-30.0,0.0,0.0,True,False,False,True
56.5,0.0,-30.0,0.0,0.0,True,False,False,True
56.75,0.0,-30.0,0.0,0.0,True,False,False,True
57.0,0.0,-30.0,0.0,0.0,True,False,False,True
57.25,0.0,-30.0,0.0,0.0,True,False,False,True
57.5,0.0,-30.0,0.0,0.0,True,False,False,True
57.75,0.0,-30.0,0.0,0.0,True,False,False,True
58.0,0.0,-30.0,0.0,0.0,True,False,False,True
58.25,0.0,-30.0,0.0,0.0,True,False,False,True
58.5,0.0,-30.0,0.0,0.0,True,False,False,True
58.75,0.0,-30.0,0.0,0.0,True,False,False,True
59.0,0.0,-30.0,0.0,0.0,True,False,False,True
59.25,0.0,-30.0,0.0,0.0,True,False,False,True
59.5,0.0,-30.0,0.0,0.0,True,False,False,True
59.75,0.0,-30.0,0.0,0.0,True,False,False,True
60.0,0.0,-30.0,0.0,0.0,True,False,False,True
60.25,0.0,-30.0,0.0,0.0,True,False,False,True
60.5,0.0,-30.0,0.0,0.0,True,False,False,True
60.75,0.0,-30.0,0.0,0.0,True,False,False,True
61.0,0.0,-30.0,0.0,0.0,True,False,False,True
61.25,0.0,-30.0,0.0,0.0,True,False,False,True
61.5,0.0,-30.0,0.0,0.0,True,False,False,True
61.75,0.0,-30.0,0.0,0.0,True,False,False,True
62.0,0.0,-30.0,0.0,0.0,True,False,False,True
62.25,0.0,-30.0,0.0,0.0,True,False,False,True
62.5,0.0,-30.0,0.0,0.0,True,False,False,True
62.75,0.0,-30.0,0.0,0.0,True,False,False,True
63.0,0.0,-30.0,0.0,0.0,True,False,False,True
63.25,0.0,-30.0,0.0,0.0,True,False,False,True
63.5,0.0,-30.0,0.0,0.0,True,False,False,True
63.75,0.0,-30.0,0.0,0.0,True,False,False,True
64.0,0.0,-30.0,0.0,0.0,True,False,False,True
64.25,0.0,-30.0,0.0,0.0,True,False,False,True
64.5,0.0,-30.0,0.0,0.0,True,False,False,True
64.75,0.0,-30.0,0.0,0.0,True,False,False,True
65.0,0.0,-30.0,0.0,0.0,True,False,False,True
65.25,0.0,-30.0,0.0,0.0,True,False,False,True
65.5,0.0,-30.0,0.0,0.0,True,False,False,True
65.75,0.0,-30.0,0.0,0.0,True,False,False,True
66.0,0.0,-30.0,0.0,0.0,True,False,False,True
66.25,0.0,-30.0,0.0,0.0,True,False,False,True
66.5,0.0,-30.0,0.0,0.0,True,False,False,True
66.75,0.0,-30.0,0.0,0.0,True,False,False,True
67.0,0.0,-30.0,0.0,0.0,True,False,False,True
67.25,0.0,-30.0,0.0,0.0,True,False,False,True
67.5,0.0,-30.0,0.0,0.0,True,False,False,True
67.75,0.0,-30.0,0.0,0.0,True,False,False,True
68.0,0.0,-30.0,0.0,0.0,True,False,False,True
68.25,0.0,-30.0,0.0,0.0,True,False,False,True
68.5,0.0,-30.0,0.0,0.0,True,False,False,True
68.75,0.0,-30.0,0.0,0.0,True,False,False,True
69.0,0.0,-30.0,0.0,0.0,True,False,False,True
69.25,0.0,-30.0,0.0,0.0,True,False,False,True
69.5,0.0,-30.0,0.0,0.0,True,False,False,True
69.75,0.0,-30.0,0.0,0.0,True,False,False,True
70.0,0.0,-30.0,0.0,0.0,True,False,False,True
70.25,0.0,-30.0,0.0,0.0,True,False,False,True
70.5,0.0,-30.0,0.0,0.0,True,False,False,True
70.75,0.0,-30.0,0.0,0.0,True,False,False,True
71.0,0.0,-30.0,0.0,0.0,True,False,False,True
71.25,0.0,-30.0,0.0,0.0,True,False,False,True
71.5,0.0,-30.0,0.0,0.0,True,False,False,True
71.75,0.0,-30.0,0.0,0.0,True,False,False,True
72.0,0.0,-30.0,0.0,0.0,True,False,False,True
72.25,0.0,-30.0,0.0,0.0,True,False,False,True
72.5,0.0,-30.0,0.0,0.0,True,False,False,True
72.75,0.0,-30.0,0.0,0.0,True,False,False,True
73.0,0.0,-30.0,0.0,0.0,True,False,False,True
73.25,0.0,-30.0,0.0,0.0,True,False,False,True
73.5,0.0,-30.0,0.0,0.0,True,False,False,True
73.75,0.0,-30.0,0.0,0.0,True,False,False,True
74.0,0.0,-30.0,0.0,0.0,True,False,False,True
74.25,0.0,-30.0,0.0,0.0,True,False,False,True
74.5,0.0,-30.0,0.0,0.0,True,False,False,True
74.75,0.0,-30.0,0.0,0.0,True,False,False,True
75.0,0.0,-30.0,0.0,0.0,True,False,False,True
75.25,0.0,-30.0,0.0,0.0,True,False,False,True
75.5,0.0,-30.0,0.0,0.0,True,False,False,True
75.75,0.0,-30.0,0.0,0.0,True,False,False,True
76.0,0.0,-30.0,0.0,0.0,True,False,False,True
76.25,0.0,-30.0,0.0,0.0,True,False,False,True
76.5,0.0,-30.0,0.0,0.0,True,False,False,True
76.75,0.0,-30.0,0.0,0.0,True,False,False,True
77.0,0.0,-30.0,0.0,0.0,True,False,False,True
77.25,0.0,-30.0,0.0,0.0,True,False,False,True
77.5,0.0,-30.0,0.0,0.0,True,False,False,True
77.75,0.0,-30.0,0.0,0.0,True,False,False,True
78.0,0.0,-30.0,0.0,0.0,True,False,False,True
78.25,0.0,-30.0,0.0,0.0,True,False,False,True
78.5,0.0,-30.0,0.0,0.0,True,False,False,True
78.75,0.0,-30.0,0.0,0.0,True,False,False,True
79.0,0.0,-30.0,0.0,0.0,True,False,False,True
79.25,0.0,-30.0,0.0,0.0,True,False,False,True
79.5,0.0,-30.0,0.0,0.0,True,False,False,True
79.75,0.0,-30.0,0.0,0.0,True,False,False,True
80.0,0.0,-30.0,0.0,0.0,True,False,False,True
80.25,0.0,-30.0,0.0,0.0,True,False,False,True
80.5,0.0,-30.0,0.0,0.0,True,False,False,True
80.75,0.0,-30.0,0.0,0.0,True,False,False,True
81.0,0.0,-30.0,0.0,0.0,True,False,False,True
81.25,0.0,-30.0,0.0,0.0,True,False,False,True
81.5,0.0,-30.0,0.0,0.0,True,False,False,True
81.75,0.0,-30.0,0.0,0.0,True,False,False,True
82.0,0.0,-30.0,0.0,0.0,True,False,False,True
82.25,0.0,-30.0,0.0,0.0,True,False,False,True
82.5,0.0,-30.0,0.0,0.0,True,False,False,True
82.75,0.0,-30.0,0.0,0.0,True,False,False,True
83.0,0.0,-30.0,0.0,0.0,True,False,False,True
83.25,0.0,-30.0,0.0,0.0,True,False,False,True
83.5,0.0,-30.0,0.0,0.0,True,False,False,True
83.75,0.0,-30.0,0.0,0.0,True,False,False,True
84.0,0.0,-30.0,0.0,0.0,True,False,False,True
84.25,0.0,-30.0,0.0,0.0,True,False,False,True
84.5,0.0,-30.0,0.0,0.0,True,False,False,True
84.75,0.0,-30.0,0.0,0.0,True,False,False,True
85.0,0.0,-30.0,0.0,0.0,True,False,False,True
85.25,0.0,-30.0,0.0,0.0,True,False,False,True
85.5,0.0,-30.0,0.0,0.0,True,False,False,True
85.75,0.0,-30.0,0.0,0.0,True,False,False,True
86.0,0.0,-30.0,0.0,0.0,True,False,False,True
86.25,0.0,-30.0,0.0,0.0,True,False,False,True
86.5,0.0,-30.0,0.0,0.0,True,False,False,True
86.75,0.0,-30.0,0.0,0.0,True,False,False,True
87.0,0.0,-30.0,0.0,0.0,True,False,False,True
87.25,0.0,-30.0,0.0,0.0,True,False,False,True
87.5,0.0,-30.0,0.0,0.0,True,False,False,True
87.75,0.0,-30.0,0.0,0.0,True,False,False,True
88.0,0.0,-30.0,0.0,0.0,True,False,False,True
88.25,0.0,-30.0,0.0,0.0,True,False,False,True
88.5,0.0,-30.0,0.0,0.0,True,False,False,True
88.75,0.0,-30.0,0.0,0.0,True,False,False,True
89.0,0.0,-30.0,0.0,0.0,True,False,False,True
89.25,0.0,-30.0,0.0,0.0,True,False,False,True
89.5,0.0,-30.0,0.0,0.0,True,False,False,True
89.75,0.0,-30.0,0.0,0.0,True,False,False,True
90.0,0.0,-30.0,0.0,0.0,True,False,False,True
90.25,0.0,-30.0,0.0,0.0,True,False,False,True
90.5,0.0,-30.0,0.0,0.0,True,False,False,True
90.75,0.0,-30.0,0.0,0.0,True,False,False,True
91.0,0.0,-30.0,0.0,0.0,True,False,False,True
91.25,0.0,-30.0,0.0,0.0,True,False,False,True
91.5,0.0,-30.0,0.0,0.0,True,False,False,True
91.75,0.0,-30.0,0.0,0.0,True,False,False,True
92.0,0.0,-30.0,0.0,0.0,True,False,False,True
92.25,0.0,-30.0,0.0,0.0,True,False,False,True
92.5,0.0,-30.0,0.0,0.0,True,False,False,True
92.75,0.0,-30.0,0.0,0.0,True,False,False,True
93.0,0.0,-30.0,0.0,0.0,True,False,False,True
93.25,0.0,-30.0,0.0,0.0,True,False,False,True
93.5,0.0,-30.0,0.0,0.0,True,False,False,True
93.75,0.0,-30.0,0.0,0.0,True,False,False,True
94.0,0.0,-30.0,0.0,0.0,True,False,False,True
94.25,0.0,-30.0,0.0,0.0,True,False,False,True
94.5,0.0,-30.0,0.0,0.0,True,False,False,True
94.75,0.0,-30.0,0.0,0.0,True,False,False,True
95.0,0.0,-30.0,0.0,0.0,True,False,False,True
95.25,0.0,-30.0,0.0,0.0,True,False,False,True
95.5,0.0,-30.0,0.0,0.0,True,False,False,True
95.75,0.0,-30.0,0.0,0.0,True,False,False,True
96.0,0.0,-30.0,0.0,0.0,True,False,False,True
96.25,0.0,-30.0,0.0,0.0,True,False,False,True
96.5,0.0,-30.0,0.0,0.0,True,False,False,True
96.75,0.0,-30.0,0.0,0.0,True,False,False,True
97.0,0.0,-30.0,0.0,0.0,True,False,False,True
97.25,0.0,-30.0,0.0,0.0,True,False,False,True
97.5,0.0,-30.0,0.0,0.0,True,False,False,True
97.75,0.0,-30.0,0.0,0.0,True,False,False,True
98.0,0.0,-30.0,0.0,0.0,True,False,False,True
98.25,0.0,-30.0,0.0,0.0,True,False,False,True
98.5,0.0,-30.0,0.0,0.0,True,False,False,True
98.75,0.0,-30.0,0.0,0.0,True,False,False,True
99.0,0.0,-30.0,0.0,0.0,True,False,False,True
99.25,0.0,-30.0,0.0,0.0,True,False,False,True
99.5,0.0,-30.0,0.0,0.0,True,False,False,True
99.75,0.0,-30.0,0.0,0.0,True,False,False,True
100.0,0.0,-30.0,0.0,0.0,True,False,False,True
100.25,0.0,-30.0,0.0,0.0,True,False,False,True
100.5,0.0,-30.0,0.0,0.0,True,False,False,True
100.75,0.0,-30.0,0.0,0.0,True,False,False,True
101.0,0.0,-30.0,0.0,0.0,True,False,False,True
101.25,0.0,-30.0,0.0,0.0,True,False,False,True
101.5,0.0,-30.0,0.0,0.0,True,False,False,True
101.75,0.0,-30.0,0.0,0.0,True,False,False,True
102.0,0.0,-30.0,0.0,0.0,True,False,False,True
102.25,0.0,-30.0,0.0,0.0,True,False,False,True
102.5,0.0,-30.0,0.0,0.0,True,False,False,True
102.75,0.0,-30.0,0.0,0.0,True,False,False,True
103.0,0.0,-30.0,0.0,0.0,True,False,False,True
103.25,0.0,-30.0,0.0,0.0,True,False,False,True
103.5,0.0,-30.0,0.0,0.0,True,False,False,True
103.75,0.0,-30.0,0.0,0.0,True,False,False,True
104.0,0.0,-30.0,0.0,0.0,True,False,False,True
104.25,0.0,-30.0,0.0,0.0,True,False,False,True
104.5,0.0,-30.0,0.0,0.0,True,False,False,True
104.75,0.0,-30.0,0.0,0.0,True,False,False,True
105.0,0.0,-30.0,0.0,0.0,True,False,False,True
105.25,0.0,-30.0,0.0,0.0,True,False,False,True
105.5,0.0,-30.0,0.0,0.0,True,False,False,True
105.75,0.0,-30.0,0.0,0.0,True,False,False,True
106.0,0.0,-30.0,0.0,0.0,True,False,False,True
106.25,0.0,-30.0,0.0,0.0,True,False,False,True
106.5,0.0,-30.0,0.0,0.0,True,False,False,True
106.75,0.0,-30.0,0.0,0.0,True,False,False,True
107.0,0.0,-30.0,0.0,0.0,True,False,False,True
107.25,0.0,-30.0,0.0,0.0,True,False,False,True
107.5,0.0,-30.0,0.0,0.0,True,False,False,True
107.75,0.0,-30.0,0.0,0.0,True,False,False,True
108.0,0.0,-30.0,0.0,0.0,True,False,False,True
108.25,0.0,-30.0,0.0,0.0,True,False,False,True
108.5,0.0,-30.0,0.0,0.0,True,False,False,True
108.75,0.0,-30.0,0.0,0.0,True,False,False,True
109.0,0.0,-30.0,0.0,0.0,True,False,False,True
109.25,0.0,-30.0,0.0,0.0,True,False,False,True
109.5,0.0,-30.0,0.0,0.0,True,False,False,True
109.75,0.0,-30.0,0.0,0.0,True,False,False,True
110.0,0.0,-30.0,0.0,0.0,True,False,False,True
110.25,0.0,-30.0,0.0,0.0,True,False,False,True
110.5,0.0,-30.0,0.0,0.0,True,False,False,True
110.75,0.0,-30.0,0.0,0.0,True,False,False,True
111.0,0.0,-30.0,0.0,0.0,True,False,False,True
111.25,0.0,-30.0,0.0,0.0,True,False,False,True
111.5,0.0,-30.0,0.0,0.0,True,False,False,True
111.75,0.0,-30.0,0.0,0.0,True,False,False,True
112.0,0.0,-30.0,0.0,0.0,True,False,False,True
112.25,0.0,-30.0,0.0,0.0,True,False,False,True
112.5,0.0,-30.0,0.0,0.0,True,False,False,True
112.75,0.0,-30.0,0.0,0.0,True,False,False,True
113.0,0.0,-30.0,0.0,0.0,True,False,False,True
113.25,0.0,-30.0,0.0,0.0,True,False,False,True
113.5,0.0,-30.0,0.0,0.0,True,False,False,True
113.75,0.0,-30.0,0.0,0.0,True,False,False,True
114.0,0.0,-30.0,0.0,0.0,True,False,False,True
114.25,0.0,-30.0,0.0,0.0,True,False,False,True
114.5,0.0,-30.0,0.0,0.0,True,False,False,True
114.75,0.0,-30.0,0.0,0.0,True,False,False,True
115.0,0.0,-30.0,0.0,0.0,True,False,False,True
115.25,0.0,-30.0,0.0,0.0,True,False,False,True
115.5,0.0,-30.0,0.0,0.0,True,False,False,True
115.75,0.0,-30.0,0.0,0.0,True,False,False,True
116.0,0.0,-30.0,0.0,0.0,True,False,False,True
116.25,0.0,-30.0,0.0,0.0,True,False,False,True
116.5,0.0,-30.0,0.0,0.0,True,False,False,True
116.75,0.0,-30.0,0.0,0.0,True,False,False,True
117.0,0.0,-30.0,0.0,0.0,True,False,False,True
117.25,0.0,-30.0,0.0,0.0,True,False,False,True
117.5,0.0,-30.0,0.0,0.0,True,False,False,True
117.75,0.0,-30.0,0.0,0.0,True,False,False,True
118.0,0.0,-30.0,0.0,0.0,True,False,False,True
118.25,0.0,-30.0,0.0,0.0,True,False,False,True
118.5,0.0,-30.0,0.0,0.0,True,False,False,True
118.75,0.0,-30.0,0.0,0.0,True,False,False,True
119.0,0.0,-30.0,0.0,0.0,True,False,False,True
119.25,0.0,-30.0,0.0,0.0,True,False,False,True
119.5,0.0,-30.0,0.0,0.0,True,False,False,True
119.75,0.0,-30.0,0.0,0.0,True,False,False,True
120.0,0.0,-30.0,0.0,0.0,True,False,False,True
120.25,0.0,-30.0,0.0,0.0,True,False,False,True
120.5,0.0,-30.0,0.0,0.0,True,False,False,True
120.75,0.0,-30.0,0.0,0.0,True,False,False,True
121.0,0.0,-30.0,0.0,0.0,True,False,False,True
121.25,0.0,-30.0,0.0,0.0,True,False,False,True
121.5,0.0,-30.0,0.0,0.0,True,False,False,True
121.75,0.0,-30.0,0.0,0.0,True,False,False,True
122.0,0.0,-30.0,0.0,0.0,True,False,False,True
122.25,0.0,-30.0,0.0,0.0,True,False,False,True
122.5,0.0,-30.0,0.0,0.0,True,False,False,True
122.75,0.0,-30.0,0.0,0.0,True,False,False,True
123.0,0.0,-30.0,0.0,0.0,True,False,False,True
123.25,0.0,-30.0,0.0,0.0,True,False,False,True
123.5,0.0,-30.0,0.0,0.0,True,False,False,True
123.75,0.0,-30.0,0.0,0.0,True,False,False,True
124.0,0.0,-30.0,0.0,0.0,True,False,False,True
124.25,0.0,-30.0,0.0,0.0,True,False,False,True
124.5,0.0,-30.0,0.0,0.0,True,False,False,True
124.75,0.0,-30.0,0.0,0.0,True,False,False,True
125.0,0.0,-30.0,0.0,0.0,True,False,False,True
125.25,0.0,-30.0,0.0,0.0,True,False,False,True
125.5,0.0,-30.0,0.0,0.0,True,False,False,True
125.75,0.0,-30.0,0.0,0.0,True,False,False,True
126.0,0.0,-30.0,0.0,0.0,True,False,False,True
126.25,0.0,-30.0,0.0,0.0,True,False,False,True
126.5,0.0,-30.0,0.0,0.0,True,False,False,True
126.75,0.0,-30.0,0.0,0.0,True,False,False,True
127.0,0.0,-30.0,0.0,0.0,True,False,False,True
127.25,0.0,-30.0,0.0,0.0,True,False,False,True
127.5,0.0,-30.0,0.0,0.0,True,False,False,True
127.75,0.0,-30.0,0.0,0.0,True,False,False,True
128.0,0.0,-30.0,0.0,0.0,True,False,False,True
128.25,0.0,-30.0,0.0,0.0,True,False,False,True
128.5,0.0,-30.0,0.0,0.0,True,False,False,True
128.75,0.0,-30.0,0.0,0.0,True,False,False,True
129.0,0.0,-30.0,0.0,0.0,True,False,False,True
129.25,0.0,-30.0,0.0,0.0,True,False,False,True
129.5,0.0,-30.0,0.0,0.0,True,False,False,True
129.75,0.0,-30.0,0.0,0.0,True,False,False,True
130.0,0.0,-30.0,0.0,0.0,True,False,False,True
130.25,0.0,-30.0,0.0,0.0,True,False,False,True
130.5,0.0,-30.0,0.0,0.0,True,False,False,True
130.75,0.0,-30.0,0.0,0.0,True,False,False,True
131.0,0.0,-30.0,0.0,0.0,True,False,False,True
131.25,0.0,-30.0,0.0,0.0,True,False,False,True
131.5,0.0,-30.0,0.0,0.0,True,False,False,True
131.75,0.0,-30.0,0.0,0.0,True,False,False,True
132.0,0.0,-30.0,0.0,0.0,True,False,False,True
132.25,0.0,-30.0,0.0,0.0,True,False,False,True
132.5,0.0,-30.0,0.0,0.0,True,False,False,True
132.75,0.0,-30.0,0.0,0.0,True,False,False,True
133.0,0.0,-30.0,0.0,0.0,True,False,False,True
133.25,0.0,-30.0,0.0,0.0,True,False,False,True
133.5,0.0,-30.0,0.0,0.0,True,False,False,True
133.75,0.0,-30.0,0.0,0.0,True,False,False,True
134.0,0.0,-30.0,0.0,0.0,True,False,False,True
134.25,0.0,-30.0,0.0,0.0,True,False,False,True
134.5,0.0,-30.0,0.0,0.0,True,False,False,True
134.75,0.0,-30.0,0.0,0.0,True,False,False,True
135.0,0.0,-30.0,0.0,0.0,True,False,False,True
135.25,0.0,-30.0,0.0,0.0,True,False,False,True
135.5,0.0,-30.0,0.0,0.0,True,False,False,True
135.75,0.0,-30.0,0.0,0.0,True,False,False,True
136.0,0.0,-30.0,0.0,0.0,True,False,False,True
136.25,0.0,-30.0,0.0,0.0,True,False,False,True
136.5,0.0,-30.0,0.0,0.0,True,False,False,True
136.75,0.0,-30.0,0.0,0.0,True,False,False,True
137.0,0.0,-30.0,0.0,0.0,True,False,False,True
137.25,0.0,-30.0,0.0,0.0,True,False,False,True
137.5,0.0,-30.0,0.0,0.0,True,False,False,True
137.75,0.0,-30.0,0.0,0.0,True,False,False,True
138.0,0.0,-30.0,0.0,0.0,True,False,False,True
138.25,0.0,-30.0,0.0,0.0,True,False,False,True
138.5,0.0,-30.0,0.0,0.0,True,False,False,True
138.75,0.0,-30.0,0.0,0.0,True,False,False,True
139.0,0.0,-30.0,0.0,0.0,True,False,False,True
139.25,0.0,-30.0,0.0,0.0,True,False,False,True
139.5,0.0,-30.0,0.0,0.0,True,False,False,True
139.75,0.0,-30.0,0.0,0.0,True,False,False,True
140.0,0.0,-30.0,0.0,0.0,True,False,False,True
140.25,0.0,-30.0,0.0,0.0,True,False,False,True
140.5,0.0,-30.0,0.0,0.0,True,False,False,True
140.75,0.0,-30.0,0.0,0.0,True,False,False,True
141.0,0.0,-30.0,0.0,0.0,True,False,False,True
141.25,0.0,-30.0,0.0,0.0,True,False,False,True
141.5,0.0,-30.0,0.0,0.0,True,False,False,True
141.75,0.0,-30.0,0.0,0.0,True,False,False,True
142.0,0.0,-30.0,0.0,0.0,True,False,False,True
142.25,0.0,-30.0,0.0,0.0,True,False,False,True
142.5,0.0,-30.0,0.0,0.0,True,False,False,True
142.75,0.0,-30.0,0.0,0.0,True,False,False,True
143.0,0.0,-30.0,0.0,0.0,True,False,False,True
143.25,0.0,-30.0,0.0,0.0,True,False,False,True
143.5,0.0,-30.0,0.0,0.0,True,False,False,True
143.75,0.0,-30.0,0.0,0.0,True,False,False,True
144.0,0.0,-30.0,0.0,0.0,True,False,False,True
144.25,0.0,-30.0,0.0,0.0,True,False,False,True
144.5,0.0,-30.0,0.0,0.0,True,False,False,True
144.75,0.0,-30.0,0.0,0.0,True,False,False,True
145.0,0.0,-30.0,0.0,0.0,True,False,False,True
145.25,0.0,-30.0,0.0,0.0,True,False,False,True
145.5,0.0,-30.0,0.0,0.0,True,False,False,True
145.75,0.0,-30.0,0.0,0.0,True,False,False,True
146.0,0.0,-30.0,0.0,0.0,True,False,False,True
146.25,0.0,-30.0,0.0,0.0,True,False,False,True
146.5,0.0,-30.0,0.0,0.0,True,False,False,True
146.75,0.0,-30.0,0.0,0.0,True,False,False,True
147.0,0.0,-30.0,0.0,0.0,True,False,False,True
147.25,0.0,-30.0,0.0,0.0,True,False,False,True
147.5,0.0,-30.0,0.0,0.0,True,False,False,True
147.75,0.0,-30.0,0.0,0.0,True,False,False,True
148.0,0.0,-30.0,0.0,0.0,True,False,False,True
148.25,0.0,-30.0,0.0,0.0,True,False,False,True
148.5,0.0,-30.0,0.0,0.0,True,False,False,True
148.75,0.0,-30.0,0.0,0.0,True,False,False,True
149.0,0.0,-30.0,0.0,0.0,True,False,False,True
149.25,0.0,-30.0,0.0,0.0,True,False,False,True
149.5,0.0,-30.0,0.0,0.0,True,False,False,True
149.75,0.0,-30.0,0.0,0.0,True,False,False,True
150.0,0.0,-30.0,0.0,0.0,True,False,False,True
150.25,0.0,-30.0,0.0,0.0,True,False,False,True
150.5,0.0,-30.0,0.0,0.0,True,False,False,True
150.75,0.0,-30.0,0.0,0.0,True,False,False,True
151.0,0.0,-30.0,0.0,0.0,True,False,False,True
151.25,0.0,-30.0,0.0,0.0,True,False,False,True
151.5,0.0,-30.0,0.0,0.0,True,False,False,True
151.75,0.0,-30.0,0.0,0.0,True,False,False,True
152.0,0.0,-30.0,0.0,0.0,True,False,False,True
152.25,0.0,-30.0,0.0,0.0,True,False,False,True
152.5,0.0,-30.0,0.0,0.0,True,False,False,True
152.75,0.0,-30.0,0.0,0.0,True,False,False,True
153.0,0.0,-30.0,0.0,0.0,True,False,False,True
153.25,0.0,-30.0,0.0,0.0,True,False,False,True
153.5,0.0,-30.0,0.0,0.0,True,False,False,True
153.75,0.0,-30.0,0.0,0.0,True,False,False,True
154.0,0.0,-30.0,0.0,0.0,True,False,False,True
154.25,0.0,-30.0,0.0,0.0,True,False,False,True
154.5,0.0,-30.0,0.0,0.0,True,False,False,True
154.75,0.0,-30.0,0.0,0.0,True,False,False,True
155.0,0.0,-30.0,0.0,0.0,True,False,False,True
155.25,0.0,-30.0,0.0,0.0,True,False,False,True
155.5,0.0,-30.0,0.0,0.0,True,False,False,True
155.75,0.0,-30.0,0.0,0.0,True,False,False,True
156.0,0.0,-30.0,0.0,0.0,True,False,False,True
156.25,0.0,-30.0,0.0,0.0,True,False,False,True
156.5,0.0,-30.0,0.0,0.0,True,False,False,True
156.75,0.0,-30.0,0.0,0.0,True,False,False,True
157.0,0.0,-30.0,0.0,0.0,True,False,False,True
157.25,0.0,-30.0,0.0,0.0,True,False,False,True
157.5,0.0,-30.0,0.0,0.0,True,False,False,True
157.75,0.0,-30.0,0.0,0.0,True,False,False,True
158.0,0.0,-30.0,0.0,0.0,True,False,False,True
158.25,0.0,-30.0,0.0,0.0,True,False,False,True
158.5,0.0,-30.0,0.0,0.0,True,False,False,True
158.75,0.0,-30.0,0.0,0.0,True,False,False,True
159.0,0.0,-30.0,0.0,0.0,True,False,False,True
159.25,0.0,-30.0,0.0,0.0,True,False,False,True
159.5,0.0,-30.0,0.0,0.0,True,False,False,True
159.75,0.0,-30.0,0.0,0.0,True,False,False,True
160.0,0.0,-30.0,0.0,0.0,True,False,False,True
160.25,0.0,-30.0,0.0,0.0,True,False,False,True
160.5,0.0,-30.0,0.0,0.0,True,False,False,True
160.75,0.0,-30.0,0.0,0.0,True,False,False,True
161.0,0.0,-30.0,0.0,0.0,True,False,False,True
161.25,0.0,-30.0,0.0,0.0,True,False,False,True
161.5,0.0,-30.0,0.0,0.0,True,False,False,True
161.75,0.0,-30.0,0.0,0.0,True,False,False,True
162.0,0.0,-30.0,0.0,0.0,True,False,False,True
162.25,0.0,-30.0,0.0,0.0,True,False,False,True
162.5,0.0,-30.0,0.0,0.0,True,False,False,True
162.75,0.0,-30.0,0.0,0.0,True,False,False,True
163.0,0.0,-30.0,0.0,0.0,True,False,False,True
163.25,0.0,-30.0,0.0,0.0,True,False,False,True
163.5,0.0,-30.0,0.0,0.0,True,False,False,True
163.75,0.0,-30.0,0.0,0.0,True,False,False,True
164.0,0.0,-30.0,0.0,0.0,True,False,False,True
164.25,0.0,-30.0,0.0,0.0,True,False,False,True
164.5,0.0,-30.0,0.0,0.0,True,False,False,True
164.75,0.0,-30.0,0.0,0.0,True,False,False,True
165.0,0.0,-30.0,0.0,0.0,True,False,False,True
165.25,0.0,-30.0,0.0,0.0,True,False,False,True
165.5,0.0,-30.0,0.0,0.0,True,False,False,True
165.75,0.0,-30.0,0.0,0.0,True,False,False,True
166.0,0.0,-30.0,0.0,0.0,True,False,False,True
166.25,0.0,-30.0,0.0,0.0,True,False,False,True
166.5,0.0,-30.0,0.0,0.0,True,False,False,True
166.75,0.0,-30.0,0.0,0.0,True,False,False,True
167.0,0.0,-30.0,0.0,0.0,True,False,False,True
167.25,0.0,-30.0,0.0,0.0,True,False,False,True
167.5,0.0,-30.0,0.0,0.0,True,False,False,True
167.75,0.0,-30.0,0.0,0.0,True,False,False,True
168.0,0.0,-30.0,0.0,0.0,True,False,False,True
168.25,0.0,-30.0,0.0,0.0,True,False,False,True
168.5,0.0,-30.0,0.0,0.0,True,False,False,True
168.75,0.0,-30.0,0.0,0.0,True,False,False,True
169.0,0.0,-30.0,0.0,0.0,True,False,False,True
169.25,0.0,-30.0,0.0,0.0,True,False,False,True
169.5,0.0,-30.0,0.0,0.0,True,False,False,True
169.75,0.0,-30.0,0.0,0.0,True,False,False,True
170.0,0.0,-30.0,0.0,0.0,True,False,False,True
170.25,0.0,-30.0,0.0,0.0,True,False,False,True
170.5,0.0,-30.0,0.0,0.0,True,False,False,True
170.75,0.0,-30.0,0.0,0.0,True,False,False,True
171.0,0.0,-30.0,0.0,0.0,True,False,False,True
171.25,0.0,-30.0,0.0,0.0,True,False,False,True
171.5,0.0,-30.0,0.0,0.0,True,False,False,True
171.75,0.0,-30.0,0.0,0.0,True,False,False,True
172.0,0.0,-30.0,0.0,0.0,True,False,False,True
172.25,0.0,-30.0,0.0,0.0,True,False,False,True
172.5,0.0,-30.0,0.0,0.0,True,False,False,True
172.75,0.0,-30.0,0.0,0.0,True,False,False,True
173.0,0.0,-30.0,0.0,0.0,True,False,False,True
173.25,0.0,-30.0,0.0,0.0,True,False,False,True
173.5,0.0,-30.0,0.0,0.0,True,False,False,True
173.75,0.0,-30.0,0.0,0.0,True,False,False,True
174.0,0.0,-30.0,0.0,0.0,True,False,False,True
174.25,0.0,-30.0,0.0,0.0,True,False,False,True
174.5,0.0,-30.0,0.0,0.0,True,False,False,True
174.75,0.0,-30.0,0.0,0.0,True,False,False,True
175.0,0.0,-30.0,0.0,0.0,True,False,False,True
175.25,0.0,-30.0,0.0,0.0,True,False,False,True
175.5,0.0,-30.0,0.0,0.0,True,False,False,True
175.75,0.0,-30.0,0.0,0.0,True,False,False,True
176.0,0.0,-30.0,0.0,0.0,True,False,False,True
176.25,0.0,-30.0,0.0,0.0,True,False,False,True
176.5,0.0,-30.0,0.0,0.0,True,False,False,True
176.75,0.0,-30.0,0.0,0.0,True,False,False,True
177.0,0.0,-30.0,0.0,0.0,True,False,False,True
177.25,0.0,-30.0,0.0,0.0,True,False,False,True
177.5,0.0,-30.0,0.0,0.0,True,False,False,True
177.75,0.0,-30.0,0.0,0.0,True,False,False,True
178.0,0.0,-30.0,0.0,0.0,True,False,False,True
178.25,0.0,-30.0,0.0,0.0,True,False,False,True
178.5,0.0,-30.0,0.0,0.0,True,False,False,True
178.75,0.0,-30.0,0.0,0.0,True,False,False,True
179.0,0.0,-30.0,0.0,0.0,True,False,False,True
179.25,0.0,-30.0,0.0,0.0,True,False,False,True
179.5,0.0,-30.0,0.0,0.0,True,False,False,True
179.75,0.0,-30.0,0.0,0.0,True,False,False,True
180.0,0.0,-30.0,0.0,0.0,True,False,False,True
180.25,0.0,-30.0,0.0,0.0,True,False,False,True
180.5,0.0,-30.0,0.0,0.0,True,False,False,True
180.75,0.0,-30.0,0.0,0.0,True,False,False,True
181.0,0.0,-30.0,0.0,0.0,True,False,False,True
181.25,0.0,-30.0,0.0,0.0,True,False,False,True
181.5,0.0,-30.0,0.0,0.0,True,False,False,True
181.75,0.0,-30.0,0.0,0.0,True,False,False,True
182.0,0.0,-30.0,0.0,0.0,True,False,False,True
182.25,0.0,-30.0,0.0,0.0,True,False,False,True
182.5,0.0,-30.0,0.0,0.0,True,False,False,True
182.75,0.0,-30.0,0.0,0.0,True,False,False,True
183.0,0.0,-30.0,0.0,0.0,True,False,False,True
183.25,0.0,-30.0,0.0,0.0,True,False,False,True
183.5,0.0,-30.0,0.0,0.0,True,False,False,True
183.75,0.0,-30.0,0.0,0.0,True,False,False,True
184.0,0.0,-30.0,0.0,0.0,True,False,False,True
184.25,0.0,-30.0,0.0,0.0,True,False,False,True
184.5,0.0,-30.0,0.0,0.0,True,False,False,True
184.75,0.0,-30.0,0.0,0.0,True,False,False,True
185.0,0.0,-30.0,0.0,0.0,True,False,False,True
185.25,0.0,-30.0,0.0,0.0,True,False,False,True
185.5,0.0,-30.0,0.0,0.0,True,False,False,True
185.75,0.0,-30.0,0.0,0.0,True,False,False,True
186.0,0.0,-30.0,0.0,0.0,True,False,False,True
186.25,0.0,-30.0,0.0,0.0,True,False,False,True
186.5,0.0,-30.0,0.0,0.0,True,False,False,True
186.75,0.0,-30.0,0.0,0.0,True,False,False,True
187.0,0.0,-30.0,0.0,0.0,True,False,False,True
187.25,0.0,-30.0,0.0,0.0,True,False,False,True
187.5,0.0,-30.0,0.0,0.0,True,False,False,True
187.75,0.0,-30.0,0.0,0.0,True,False,False,True
188.0,0.0,-30.0,0.0,0.0,True,False,False,True
188.25,0.0,-30.0,0.0,0.0,True,False,False,True
188.5,0.0,-30.0,0.0,0.0,True,False,False,True
188.75,0.0,-30.0,0.0,0.0,True,False,False,True
189.0,0.0,-30.0,0.0,0.0,True,False,False,True
189.25,0.0,-30.0,0.0,0.0,True,False,False,True
189.5,0.0,-30.0,0.0,0.0,True,False,False,True
189.75,0.0,-30.0,0.0,0.0,True,False,False,True
190.0,0.0,-30.0,0.0,0.0,True,False,False,True
190.25,0.0,-30.0,0.0,0.0,True,False,False,True
190.5,0.0,-30.0,0.0,0.0,True,False,False,True
190.75,0.0,-30.0,0.0,0.0,True,False,False,True
191.0,0.0,-30.0,0.0,0.0,True,False,False,True
191.25,0.0,-30.0,0.0,0.0,True,False,False,True
191.5,0.0,-30.0,0.0,0.0,True,False,False,True
191.75,0.0,-30.0,0.0,0.0,True,False,False,True
192.0,0.0,-30.0,0.0,0.0,True,False,False,True
192.25,0.0,-30.0,0.0,0.0,True,False,False,True
192.5,0.0,-30.0,0.0,0.0,True,False,False,True
192.75,0.0,-30.0,0.0,0.0,True,False,False,True
193.0,0.0,-30.0,0.0,0.0,True,False,False,True
193.25,0.0,-30.0,0.0,0.0,True,False,False,True
193.5,0.0,-30.0,0.0,0.0,True,False,False,True
193.75,0.0,-30.0,0.0,0.0,True,False,False,True
194.0,0.0,-30.0,0.0,0.0,True,False,False,True
194.25,0.0,-30.0,0.0,0.0,True,False,False,True
194.5,0.0,-30.0,0.0,0.0,True,False,False,True
194.75,0.0,-30.0,0.0,0.0,True,False,False,True
195.0,0.0,-30.0,0.0,0.0,True,False,False,True
195.25,0.0,-30.0,0.0,0.0,True,False,False,True
195.5,0.0,-30.0,0.0,0.0,True,False,False,True
195.75,0.0,-30.0,0.0,0.0,True,False,False,True
196.0,0.0,-30.0,0.0,0.0,True,False,False,True
196.25,0.0,-30.0,0.0,0.0,True,False,False,True
196.5,0.0,-30.0,0.0,0.0,True,False,False,True
196.75,0.0,-30.0,0.0,0.0,True,False,False,True
197.0,0.0,-30.0,0.0,0.0,True,False,False,True
197.25,0.0,-30.0,0.0,0.0,True,False,False,True
197.5,0.0,-30.0,0.0,0.0,True,False,False,True
197.75,0.0,-30.0,0.0,0.0,True,False,False,True
198.0,0.0,-30.0,0.0,0.0,True,False,False,True
198.25,0.0,-30.0,0.0,0.0,True,False,False,True
198.5,0.0,-30.0,0.0,0.0,True,False,False,True
198.75,0.0,-30.0,0.0,0.0,True,False,False,True
199.0,0.0,-30.0,0.0,0.0,True,False,False,True
199.25,0.0,-30.0,0.0,0.0,True,False,False,True
199.5,0.0,-30.0,0.0,0.0,True,False,False,True
199.75,0.0,-30.0,0.0,0.0,True,False,False,True
200.0,0.0,-30.0,0.0,0.0,True,False,False,True
200.25,0.0,-30.0,0.0,0.0,True,False,False,True
200.5,0.0,-30.0,0.0,0.0,True,False,False,True
200.75,0.0,-30.0,0.0,0.0,True,False,False,True
201.0,0.0,-30.0,0.0,0.0,True,False,False,True
201.25,0.0,-30.0,0.0,0.0,True,False,False,True
201.5,0.0,-30.0,0.0,0.0,True,False,False,True
201.75,0.0,-30.0,0.0,0.0,True,False,False,True
202.0,0.0,-30.0,0.0,0.0,True,False,False,True
202.25,0.0,-30.0,0.0,0.0,True,False,False,True
202.5,0.0,-30.0,0.0,0.0,True,False,False,True
202.75,0.0,-30.0,0.0,0.0,True,False,False,True
203.0,0.0,-30.0,0.0,0.0,True,False,False,True
203.25,0.0,-30.0,0.0,0.0,True,False,False,True
203.5,0.0,-30.0,0.0,0.0,True,False,False,True
203.75,0.0,-30.0,0.0,0.0,True,False,False,True
204.0,0.0,-30.0,0.0,0.0,True,False,False,True
204.25,0.0,-30.0,0.0,0.0,True,False,False,True
204.5,0.0,-30.0,0.0,0.0,True,False,False,True
204.75,0.0,-30.0,0.0,0.0,True,False,False,True
205.0,0.0,-30.0,0.0,0.0,True,False,False,True
205.25,0.0,-30.0,0.0,0.0,True,False,False,True
205.5,0.0,-30.0,0.0,0.0,True,False,False,True
205.75,0.0,-30.0,0.0,0.0,True,False,False,True
206.0,0.0,-30.0,0.0,0.0,True,False,False,True
206.25,0.0,-30.0,0.0,0.0,True,False,False,True
206.5,0.0,-30.0,0.0,0.0,True,False,False,True
206.75,0.0,-30.0,0.0,0.0,True,False,False,True
207.0,0.0,-30.0,0.0,0.0,True,False,False,True
207.25,0.0,-30.0,0.0,0.0,True,False,False,True
207.5,0.0,-30.0,0.0,0.0,True,False,False,True
207.75,0.0,-30.0,0.0,0.0,True,False,False,True
208.0,0.0,-30.0,0.0,0.0,True,False,False,True
208.25,0.0,-30.0,0.0,0.0,True,False,False,True
208.5,0.0,-30.0,0.0,0.0,True,False,False,True
208.75,0.0,-30.0,0.0,0.0,True,False,False,True
209.0,0.0,-30.0,0.0,0.0,True,False,False,True
209.25,0.0,-30.0,0.0,0.0,True,False,False,True
209.5,0.0,-30.0,0.0,0.0,True,False,False,True
209.75,0.0,-30.0,0.0,0.0,True,False,False,True
210.0,0.0,-30.0,0.0,0.0,True,False,False,True
210.25,0.0,-30.0,0.0,0.0,True,False,False,True
210.5,0.0,-30.0,0.0,0.0,True,False,False,True
210.75,0.0,-30.0,0.0,0.0,True,False,False,True
211.0,0.0,-30.0,0.0,0.0,True,False,False,True
211.25,0.0,-30.0,0.0,0.0,True,False,False,True
211.5,0.0,-30.0,0.0,0.0,True,False,False,True
211.75,0.0,-30.0,0.0,0.0,True,False,False,True
212.0,0.0,-30.0,0.0,0.0,True,False,False,True
212.25,0.0,-30.0,0.0,0.0,True,False,False,True
212.5,0.0,-30.0,0.0,0.0,True,False,False,True
212.75,0.0,-30.0,0.0,0.0,True,False,False,True
213.0,0.0,-30.0,0.0,0.0,True,False,False,True
213.25,0.0,-30.0,0.0,0.0,True,False,False,True
213.5,0.0,-30.0,0.0,0.0,True,False,False,True
213.75,0.0,-30.0,0.0,0.0,True,False,False,True
214.0,0.0,-30.0,0.0,0.0,True,False,False,True
214.25,0.0,-30.0,0.0,0.0,True,False,False,True
214.5,0.0,-30.0,0.0,0.0,True,False,False,True
214.75,0.0,-30.0,0.0,0.0,True,False,False,True
215.0,0.0,-30.0,0.0,0.0,True,False,False,True
215.25,0.0,-30.0,0.0,0.0,True,False,False,True
215.5,0.0,-30.0,0.0,0.0,True,False,False,True
215.75,0.0,-30.0,0.0,0.0,True,False,False,True
216.0,0.0,-30.0,0.0,0.0,True,False,False,True
216.25,0.0,-30.0,0.0,0.0,True,False,False,True
216.5,0.0,-30.0,0.0,0.0,True,False,False,True
216.75,0.0,-30.0,0.0,0.0,True,False,False,True
217.0,0.0,-30.0,0.0,0.0,True,False,False,True
217.25,0.0,-30.0,0.0,0.0,True,False,False,True
217.5,0.0,-30.0,0.0,0.0,True,False,False,True
217.75,0.0,-30.0,0.0,0.0,True,False,False,True
218.0,0.0,-30.0,0.0,0.0,True,False,False,True
218.25,0.0,-30.0,0.0,0.0,True,False,False,True
218.5,0.0,-30.0,0.0,0.0,True,False,False,True
218.75,0.0,-30.0,0.0,0.0,True,False,False,True
219.0,0.0,-30.0,0.0,0.0,True,False,False,True
219.25,0.0,-30.0,0.0,0.0,True,False,False,True
219.5,0.0,-30.0,0.0,0.0,True,False,False,True
219.75,0.0,-30.0,0.0,0.0,True,False,False,True
220.0,0.0,-30.0,0.0,0.0,True,False,False,True
220.25,0.0,-30.0,0.0,0.0,True,False,False,True
220.5,0.0,-30.0,0.0,0.0,True,False,False,True
220.75,0.0,-30.0,0.0,0.0,True,False,False,True
221.0,0.0,-30.0,0.0,0.0,True,False,False,True
221.25,0.0,-30.0,0.0,0.0,True,False,False,True
221.5,0.0,-30.0,0.0,0.0,True,False,False,True
221.75,0.0,-30.0,0.0,0.0,True,False,False,True
222.0,0.0,-30.0,0.0,0.0,True,False,False,True
222.25,0.0,-30.0,0.0,0.0,True,False,False,True
222.5,0.0,-30.0,0.0,0.0,True,False,False,True
222.75,0.0,-30.0,0.0,0.0,True,False,False,True
223.0,0.0,-30.0,0.0,0.0,True,False,False,True
223.25,0.0,-30.0,0.0,0.0,True,False,False,True
223.5,0.0,-30.0,0.0,0.0,True,False,False,True
223.75,0.0,-30.0,0.0,0.0,True,False,False,True
224.0,0.0,-30.0,0.0,0.0,True,False,False,True
224.25,0.0,-30.0,0.0,0.0,True,False,False,True
224.5,0.0,-30.0,0.0,0.0,True,False,False,True
224.75,0.0,-30.0,0.0,0.0,True,False,False,True
225.0,0.0,-30.0,0.0,0.0,True,False,False,True
225.25,0.0,-30.0,0.0,0.0,True,False,False,True
225.5,0.0,-30.0,0.0,0.0,True,False,False,True
225.75,0.0,-30.0,0.0,0.0,True,False,False,True
226.0,0.0,-30.0,0.0,0.0,True,False,False,True
226.25,0.0,-30.0,0.0,0.0,True,False,False,True
226.5,0.0,-30.0,0.0,0.0,True,False,False,True
226.75,0.0,-30.0,0.0,0.0,True,False,False,True
227.0,0.0,-30.0,0.0,0.0,True,False,False,True
227.25,0.0,-30.0,0.0,0.0,True,False,False,True
227.5,0.0,-30.0,0.0,0.0,True,False,False,True
227.75,0.0,-30.0,0.0,0.0,True,False,False,True
228.0,0.0,-30.0,0.0,0.0,True,False,False,True
228.25,0.0,-30.0,0.0,0.0,True,False,False,True
228.5,0.0,-30.0,0.0,0.0,True,False,False,True
228.75,0.0,-30.0,0.0,0.0,True,False,False,True
229.0,0.0,-30.0,0.0,0.0,True,False,False,True
229.25,0.0,-30.0,0.0,0.0,True,False,False,True
229.5,0.0,-30.0,0.0,0.0,True,False,False,True
229.75,0.0,-30.0,0.0,0.0,True,False,False,True
230.0,0.0,-30.0,0.0,0.0,True,False,False,True
230.25,0.0,-30.0,0.0,0.0,True,False,False,True
230.5,0.0,-30.0,0.0,0.0,True,False,False,True
230.75,0.0,-30.0,0.0,0.0,True,False,False,True
231.0,0.0,-30.0,0.0,0.0,True,False,False,True
231.25,0.0,-30.0,0.0,0.0,True,False,False,True
231.5,0.0,-30.0,0.0,0.0,True,False,False,True
231.75,0.0,-30.0,0.0,0.0,True,False,False,True
232.0,0.0,-30.0,0.0,0.0,True,False,False,True
232.25,0.0,-30.0,0.0,0.0,True,False,False,True
232.5,0.0,-30.0,0.0,0.0,True,False,False,True
232.75,0.0,-30.0,0.0,0.0,True,False,False,True
233.0,0.0,-30.0,0.0,0.0,True,False,False,True
233.25,0.0,-30.0,0.0,0.0,True,False,False,True
233.5,0.0,-30.0,0.0,0.0,True,False,False,True
233.75,0.0,-30.0,0.0,0.0,True,False,False,True
234.0,0.0,-30.0,0.0,0.0,True,False,False,True
234.25,0.0,-30.0,0.0,0.0,True,False,False,True
234.5,0.0,-30.0,0.0,0.0,True,False,False,True
234.75,0.0,-30.0,0.0,0.0,True,False,False,True
235.0,0.0,-30.0,0.0,0.0,True,False,False,True
235.25,0.0,-30.0,0.0,0.0,True,False,False,True
235.5,0.0,-30.0,0.0,0.0,True,False,False,True
235.75,0.0,-30.0,0.0,0.0,True,False,False,True
236.0,0.0,-30.0,0.0,0.0,True,False,False,True
236.25,0.0,-30.0,0.0,0.0,True,False,False,True
236.5,0.0,-30.0,0.0,0.0,True,False,False,True
236.75,0.0,-30.0,0.0,0.0,True,False,False,True
237.0,0.0,-30.0,0.0,0.0,True,False,False,True
237.25,0.0,-30.0,0.0,0.0,True,False,False,True
237.5,0.0,-30.0,0.0,0.0,True,False,False,True
237.75,0.0,-30.0,0.0,0.0,True,False,False,True
238.0,0.0,-30.0,0.0,0.0,True,False,False,True
238.25,0.0,-30.0,0.0,0.0,True,False,False,True
238.5,0.0,-30.0,0.0,0.0,True,False,False,True
238.75,0.0,-30.0,0.0,0.0,True,False,False,True
239.0,0.0,-30.0,0.0,0.0,True,False,False,True
239.25,0.0,-30.0,0.0,0.0,True,False,False,True
239.5,0.0,-30.0,0.0,0.0,True,False,False,True
239.75,0.0,-30.0,0.0,0.0,True,False,False,True
240.0,0.0,-30.0,0.0,0.0,True,False,False,True
240.25,0.0,-30.0,0.0,0.0,True,False,False,True
240.5,0.0,-30.0,0.0,0.0,True,False,False,True
240.75,0.0,-30.0,0.0,0.0,True,False,False,True
241.0,0.0,-30.0,0.0,0.0,True,False,False,True
241.25,0.0,-30.0,0.0,0.0,True,False,False,True
241.5,0.0,-30.0,0.0,0.0,True,False,False,True
241.75,0.0,-30.0,0.0,0.0,True,False,False,True
242.0,0.0,-30.0,0.0,0.0,True,False,False,True
242.25,0.0,-30.0,0.0,0.0,True,False,False,True
242.5,0.0,-30.0,0.0,0.0,True,False,False,True
242.75,0.0,-30.0,0.0,0.0,True,False,False,True
243.0,0.0,-30.0,0.0,0.0,True,False,False,True
243.25,0.0,-30.0,0.0,0.0,True,False,False,True
243.5,0.0,-30.0,0.0,0.0,True,False,False,True
243.75,0.0,-30.0,0.0,0.0,True,False,False,True
244.0,0.0,-30.0,0.0,0.0,True,False,False,True
244.25,0.0,-30.0,0.0,0.0,True,False,False,True
244.5,0.0,-30.0,0.0,0.0,True,False,False,True
244.75,0.0,-30.0,0.0,0.0,True,False,False,True
245.0,0.0,-30.0,0.0,0.0,True,False,False,True
245.25,0.0,-30.0,0.0,0.0,True,False,False,True
245.5,0.0,-30.0,0.0,0.0,True,False,False,True
245.75,0.0,-30.0,0.0,0.0,True,False,False,True
246.0,0.0,-30.0,0.0,0.0,True,False,False,True
246.25,0.0,-30.0,0.0,0.0,True,False,False,True
246.5,0.0,-30.0,0.0,0.0,True,False,False,True
246.75,0.0,-30.0,0.0,0.0,True,False,False,True
247.0,0.0,-30.0,0.0,0.0,True,False,False,True
247.25,0.0,-30.0,0.0,0.0,True,False,False,True
247.5,0.0,-30.0,0.0,0.0,True,False,False,True
247.75,0.0,-30.0,0.0,0.0,True,False,False,True
248.0,0.0,-30.0,0.0,0.0,True,False,False,True
248.25,0.0,-30.0,0.0,0.0,True,False,False,True
248.5,0.0,-30.0,0.0,0.0,True,False,False,True
248.75,0.0,-30.0,0.0,0.0,True,False,False,True
249.0,0.0,-30.0,0.0,0.0,True,False,False,True
249.25,0.0,-30.0,0.0,0.0,True,False,False,True
249.5,0.0,-30.0,0.0,0.0,True,False,False,True
249.75,0.0,-30.0,0.0,0.0,True,False,False,True
250.0,0.0,-30.0,0.0,0.0,True,False,False,True
250.25,0.0,-30.0,0.0,0.0,True,False,False,True
250.5,0.0,-30.0,0.0,0.0,True,False,False,True
250.75,0.0,-30.0,0.0,0.0,True,False,False,True
251.0,0.0,-30.0,0.0,0.0,True,False,False,True
251.25,0.0,-30.0,0.0,0.0,True,False,False,True
251.5,0.0,-30.0,0.0,0.0,True,False,False,True
251.75,0.0,-30.0,0.0,0.0,True,False,False,True
252.0,0.0,-30.0,0.0,0.0,True,False,False,True
252.25,0.0,-30.0,0.0,0.0,True,False,False,True
252.5,0.0,-30.0,0.0,0.0,True,False,False,True
252.75,0.0,-30.0,0.0,0.0,True,False,False,True
253.0,0.0,-30.0,0.0,0.0,True,False,False,True
253.25,0.0,-30.0,0.0,0.0,True,False,False,True
253.5,0.0,-30.0,0.0,0.0,True,False,False,True
253.75,0.0,-30.0,0.0,0.0,True,False,False,True
254.0,0.0,-30.0,0.0,0.0,True,False,False,True
254.25,0.0,-30.0,0.0,0.0,True,False,False,True
254.5,0.0,-30.0,0.0,0.0,True,False,False,True
254.75,0.0,-30.0,0.0,0.0,True,False,False,True
255.0,0.0,-30.0,0.0,0.0,True,False,False,True
255.25,0.0,-30.0,0.0,0.0,True,False,False,True
255.5,0.0,-30.0,0.0,0.0,True,False,False,True
255.75,0.0,-30.0,0.0,0.0,True,False,False,True
256.0,0.0,-30.0,0.0,0.0,True,False,False,True
256.25,0.0,-30.0,0.0,0.0,True,False,False,True
256.5,0.0,-30.0,0.0,0.0,True,False,False,True
256.75,0.0,-30.0,0.0,0.0,True,False,False,True
257.0,0.0,-30.0,0.0,0.0,True,False,False,True
257.25,0.0,-30.0,0.0,0.0,True,False,False,True
257.5,0.0,-30.0,0.0,0.0,True,False,False,True
257.75,0.0,-30.0,0.0,0.0,True,False,False,True
258.0,0.0,-30.0,0.0,0.0,True,False,False,True
258.25,0.0,-30.0,0.0,0.0,True,False,False,True
258.5,0.0,-30.0,0.0,0.0,True,False,False,True
258.75,0.0,-30.0,0.0,0.0,True,False,False,True
259.0,0.0,-30.0,0.0,0.0,True,False,False,True
259.25,0.0,-30.0,0.0,0.0,True,False,False,True
259.5,0.0,-30.0,0.0,0.0,True,False,False,True
259.75,0.0,-30.0,0.0,0.0,True,False,False,True
260.0,0.0,-30.0,0.0,0.0,True,False,False,True
260.25,0.0,-30.0,0.0,0.0,True,False,False,True
260.5,0.0,-30.0,0.0,0.0,True,False,False,True
260.75,0.0,-30.0,0.0,0.0,True,False,False,True
261.0,0.0,-30.0,0.0,0.0,True,False,False,True
261.25,0.0,-30.0,0.0,0.0,True,False,False,True
261.5,0.0,-30.0,0.0,0.0,True,False,False,True
261.75,0.0,-30.0,0.0,0.0,True,False,False,True
262.0,0.0,-30.0,0.0,0.0,True,False,False,True
262.25,0.0,-30.0,0.0,0.0,True,False,False,True
262.5,0.0,-30.0,0.0,0.0,True,False,False,True
262.75,0.0,-30.0,0.0,0.0,True,False,False,True
263.0,0.0,-30.0,0.0,0.0,True,False,False,True
263.25,0.0,-30.0,0.0,0.0,True,False,False,True
263.5,0.0,-30.0,0.0,0.0,True,False,False,True
263.75,0.0,-30.0,0.0,0.0,True,False,False,True
264.0,0.0,-30.0,0.0,0.0,True,False,False,True
264.25,0.0,-30.0,0.0,0.0,True,False,False,True
264.5,0.0,-30.0,0.0,0.0,True,False,False,True
264.75,0.0,-30.0,0.0,0.0,True,False,False,True
265.0,0.0,-30.0,0.0,0.0,True,False,False,True
265.25,0.0,-30.0,0.0,0.0,True,False,False,True
265.5,0.0,-30.0,0.0,0.0,True,False,False,True
265.75,0.0,-30.0,0.0,0.0,True,False,False,True
266.0,0.0,-30.0,0.0,0.0,True,False,False,True
266.25,0.0,-30.0,0.0,0.0,True,False,False,True
266.5,0.0,-30.0,0.0,0.0,True,False,False,True
266.75,0.0,-30.0,0.0,0.0,True,False,False,True
267.0,0.0,-30.0,0.0,0.0,True,False,False,True
267.25,0.0,-30.0,0.0,0.0,True,False,False,True
267.5,0.0,-30.0,0.0,0.0,True,False,False,True
267.75,0.0,-30.0,0.0,0.0,True,False,False,True
268.0,0.0,-30.0,0.0,0.0,True,False,False,True
268.25,0.0,-30.0,0.0,0.0,True,False,False,True
268.5,0.0,-30.0,0.0,0.0,True,False,False,True
268.75,0.0,-30.0,0.0,0.0,True,False,False,True
269.0,0.0,-30.0,0.0,0.0,True,False,False,True
269.25,0.0,-30.0,0.0,0.0,True,False,False,True
269.5,0.0,-30.0,0.0,0.0,True,False,False,True
269.75,0.0,-30.0,0.0,0.0,True,False,False,True
270.0,0.0,-30.0,0.0,0.0,True,False,False,True
270.25,0.0,-30.0,0.0,0.0,True,False,False,True
270.5,0.0,-30.0,0.0,0.0,True,False,False,True
270.75,0.0,-30.0,0.0,0.0,True,False,False,True
271.0,0.0,-30.0,0.0,0.0,True,False,False,True
271.25,0.0,-30.0,0.0,0.0,True,False,False,True
271.5,0.0,-30.0,0.0,0.0,True,False,False,True
271.75,0.0,-30.0,0.0,0.0,True,False,False,True
272.0,0.0,-30.0,0.0,0.0,True,False,False,True
272.25,0.0,-30.0,0.0,0.0,True,False,False,True
272.5,0.0,-30.0,0.0,0.0,True,False,False,True
272.75,0.0,-30.0,0.0,0.0,True,False,False,True
273.0,0.0,-30.0,0.0,0.0,True,False,False,True
273.25,0.0,-30.0,0.0,0.0,True,False,False,True
273.5,0.0,-30.0,0.0,0.0,True,False,False,True
273.75,0.0,-30.0,0.0,0.0,True,False,False,True
274.0,0.0,-30.0,0.0,0.0,True,False,False,True
274.25,0.0,-30.0,0.0,0.0,True,False,False,True
274.5,0.0,-30.0,0.0,0.0,True,False,False,True
274.75,0.0,-30.0,0.0,0.0,True,False,False,True
275.0,0.0,-30.0,0.0,0.0,True,False,False,True
275.25,0.0,-30.0,0.0,0.0,True,False,False,True
275.5,0.0,-30.0,0.0,0.0,True,False,False,True
275.75,0.0,-30.0,0.0,0.0,True,False,False,True
276.0,0.0,-30.0,0.0,0.0,True,False,False,True
276.25,0.0,-30.0,0.0,0.0,True,False,False,True
276.5,0.0,-30.0,0.0,0.0,True,False,False,True
276.75,0.0,-30.0,0.0,0.0,True,False,False,True
277.0,0.0,-30.0,0.0,0.0,True,False,False,True
277.25,0.0,-30.0,0.0,0.0,True,False,False,True
277.5,0.0,-30.0,0.0,0.0,True,False,False,True
277.75,0.0,-30.0,0.0,0.0,True,False,False,True
278.0,0.0,-30.0,0.0,0.0,True,False,False,True
278.25,0.0,-30.0,0.0,0.0,True,False,False,True
278.5,0.0,-30.0,0.0,0.0,True,False,False,True
278.75,0.0,-30.0,0.0,0.0,True,False,False,True
279.0,0.0,-30.0,0.0,0.0,True,False,False,True
279.25,0.0,-30.0,0.0,0.0,True,False,False,True
279.5,0.0,-30.0,0.0,0.0,True,False,False,True
279.75,0.0,-30.0,0.0,0.0,True,False,False,True
280.0,0.0,-30.0,0.0,0.0,True,False,False,True
280.25,0.0,-30.0,0.0,0.0,True,False,False,True
280.5,0.0,-30.0,0.0,0.0,True,False,False,True
280.75,0.0,-30.0,0.0,0.0,True,False,False,True
281.0,0.0,-30.0,0.0,0.0,True,False,False,True
281.25,0.0,-30.0,0.0,0.0,True,False,False,True
281.5,0.0,-30.0,0.0,0.0,True,False,False,True
281.75,0.0,-30.0,0.0,0.0,True,False,False,True
282.0,0.0,-30.0,0.0,0.0,True,False,False,True
282.25,0.0,-30.0,0.0,0.0,True,False,False,True
282.5,0.0,-30.0,0.0,0.0,True,False,False,True
282.75,0.0,-30.0,0.0,0.0,True,False,False,True
283.0,0.0,-30.0,0.0,0.0,True,False,False,True
283.25,0.0,-30.0,0.0,0.0,True,False,False,True
283.5,0.0,-30.0,0.0,0.0,True,False,False,True
283.75,0.0,-30.0,0.0,0.0,True,False,False,True
284.0,0.0,-30.0,0.0,0.0,True,False,False,True
284.25,0.0,-30.0,0.0,0.0,True,False,False,True
284.5,0.0,-30.0,0.0,0.0,True,False,False,True
284.75,0.0,-30.0,0.0,0.0,True,False,False,True
285.0,0.0,-30.0,0.0,0.0,True,False,False,True
285.25,0.0,-30.0,0.0,0.0,True,False,False,True
285.5,0.0,-30.0,0.0,0.0,True,False,False,True
285.75,0.0,-30.0,0.0,0.0,True,False,False,True
286.0,0.0,-30.0,0.0,0.0,True,False,False,True
286.25,0.0,-30.0,0.0,0.0,True,False,False,True
286.5,0.0,-30.0,0.0,0.0,True,False,False,True
286.75,0.0,-30.0,0.0,0.0,True,False,False,True
287.0,0.0,-30.0,0.0,0.0,True,False,False,True
287.25,0.0,-30.0,0.0,0.0,True,False,False,True
287.5,0.0,-30.0,0.0,0.0,True,False,False,True
287.75,0.0,-30.0,0.0,0.0,True,False,False,True
288.0,0.0,-30.0,0.0,0.0,True,False,False,True
288.25,0.0,-30.0,0.0,0.0,True,False,False,True
288.5,0.0,-30.0,0.0,0.0,True,False,False,True
288.75,0.0,-30.0,0.0,0.0,True,False,False,True
289.0,0.0,-30.0,0.0,0.0,True,False,False,True
289.25,0.0,-30.0,0.0,0.0,True,False,False,True
289.5,0.0,-30.0,0.0,0.0,True,False,False,True
289.75,0.0,-30.0,0.0,0.0,True,False,False,True
290.0,0.0,-30.0,0.0,0.0,True,False,False,True
290.25,0.0,-30.0,0.0,0.0,True,False,False,True
290.5,0.0,-30.0,0.0,0.0,True,False,False,True
290.75,0.0,-30.0,0.0,0.0,True,False,False,True
291.0,0.0,-30.0,0.0,0.0,True,False,False,True
291.25,0.0,-30.0,0.0,0.0,True,False,False,True
291.5,0.0,-30.0,0.0,0.0,True,False,False,True
291.75,0.0,-30.0,0.0,0.0,True,False,False,True
292.0,0.0,-30.0,0.0,0.0,True,False,False,True
292.25,0.0,-30.0,0.0,0.0,True,False,False,True
292.5,0.0,-30.0,0.0,0.0,True,False,False,True
292.75,0.0,-30.0,0.0,0.0,True,False,False,True
293.0,0.0,-30.0,0.0,0.0,True,False,False,True
293.25,0.0,-30.0,0.0,0.0,True,False,False,True
293.5,0.0,-30.0,0.0,0.0,True,False,False,True
293.75,0.0,-30.0,0.0,0.0,True,False,False,True
294.0,0.0,-30.0,0.0,0.0,True,False,False,True
294.25,0.0,-30.0,0.0,0.0,True,False,False,True
294.5,0.0,-30.0,0.0,0.0,True,False,False,True
294.75,0.0,-30.0,0.0,0.0,True,False,False,True
295.0,0.0,-30.0,0.0,0.0,True,False,False,True
295.25,0.0,-30.0,0.0,0.0,True,False,False,True
295.5,0.0,-30.0,0.0,0.0,True,False,False,True
295.75,0.0,-30.0,0.0,0.0,True,False,False,True
296.0,0.0,-30.0,0.0,0.0,True,False,False,True
296.25,0.0,-30.0,0.0,0.0,True,False,False,True
296.5,0.0,-30.0,0.0,0.0,True,False,False,True
296.75,0.0,-30.0,0.0,0.0,True,False,False,True
297.0,0.0,-30.0,0.0,0.0,True,False,False,True
297.25,0.0,-30.0,0.0,0.0,True,False,False,True
297.5,0.0,-30.0,0.0,0.0,True,False,False,True
297.75,0.0,-30.0,0.0,0.0,True,False,False,True
298.0,0.0,-30.0,0.0,0.0,True,False,False,True
298.25,0.0,-30.0,0.0,0.0,True,False,False,True
298.5,0.0,-30.0,0.0,0.0,True,False,False,True
298.75,0.0,-30.0,0.0,0.0,True,False,False,True
299.0,0.0,-30.0,0.0,0.0,True,False,False,True
299.25,0.0,-30.0,0.0,0.0,True,False,False,True
299.5,0.0,-30.0,0.0,0.0,True,False,False,True
299.75,0.0,-30.0,0.0,0.0,True,False,False,True
300.0,0.0,-30.0,0.0,0.0,True,False,False,True
